validator_address,validator_index,state,activated_at,activated_epoch,delegated_block,delegated_at,effective_balance,balance,consensus_rewards,execution_rewards,rewards,gross_apy,deposit_tx_sender,withdrawal_credentials,is_kiln,activation_eligibility_epoch,activation_eligibility_at,updated_at,estimated_next_skimming_slot,estimated_next_skimming_at,execution_fee_recipient,exited_at,exited_epoch,exit_requested,claimable_execution_rewards,claimable_consensus_rewards
0x8001abeb6aa8935229a7c23dfa304a5819d7b28caf131ac3a7557115401bc521217e51afb6b3925f16b6565bb6c15d79,1692388,active_ongoing,2024-05-02T00:41:36Z,48719,1383416,2024-04-20T10:38:36Z,32000000000000000000,32002515465000000000,100846080000000000,0,100846080000000000,1.5131764,0xff9E47B2EBc22eFA1c680dcd2935872467E5625E,010000000000000000000000f0179dec45a37423ead4fad5fcb136197872ead9,True,46244,2024-04-21T00:41:36Z,2024-07-17T00:54:41Z,2017372.0,2024-07-04T16:34:24Z,,,,,,
0x800390da57b384873178a7db4e0b80bc1ed6528510713bcef75f46d339a7bd4957f54159c375d7dc811e52122ad9b604,1635483,active_ongoing,2024-03-31T09:58:24Z,41606,1228339,2024-03-27T18:43:12Z,32000000000000000000,32002914109000000000,196504375000000000,689954000000000,197194329000000000,2.0897844,0x7fF0B7D8b99E4cD685355A786B6ad5287B6552C1,0100000000000000000000007521006992130ebda85cb293b664c555180ca1fd,True,40942,2024-03-28T11:08:48Z,2024-07-17T00:54:41Z,2049302.0,2024-07-09T03:00:24Z,0x1268AD189526AC0b386faF06eFfC46779c340eE6,,,,,
0x8004056d94d11624ee41360b858c51608356b226fae60488d760e5745700337c1e09c7f3e3500151560e3a6b842fb1d2,1636019,active_ongoing,2024-03-31T17:07:12Z,41673,1228380,2024-03-27T18:52:24Z,32000000000000000000,32002943339000000000,144792539000000000,0,144792539000000000,1.5387089,0x7fF0B7D8b99E4cD685355A786B6ad5287B6552C1,0100000000000000000000007521006992130ebda85cb293b664c555180ca1fd,True,40943,2024-03-28T11:15:12Z,2024-07-17T00:54:43Z,2049335.0,2024-07-09T03:07:00Z,,,,,,
0x80065858df8709a50d80546640dbb76ac3445a6fa5a19bd6af1730e5629ad83f2ac25de00df4d897b493c6dd4a599699,1637615,active_ongoing,2024-04-01T14:20:48Z,41872,1228525,2024-03-27T19:24:00Z,32000000000000000000,32002876998000000000,146924227000000000,0,146924227000000000,1.5743352,0x7fF0B7D8b99E4cD685355A786B6ad5287B6552C1,0100000000000000000000007521006992130ebda85cb293b664c555180ca1fd,True,40946,2024-03-28T11:34:24Z,2024-07-17T00:54:41Z,2049435.0,2024-07-09T03:27:00Z,,,,,,
0x800d73a49a9be7e00968ea0905db111170aaf6586e2ed660b7cdc4cc6405e4a65dc2e870a54d354a690cbac939deafea,1639092,active_ongoing,2024-04-02T10:04:48Z,42057,1228670,2024-03-27T19:55:24Z,32000000000000000000,32002846134000000000,145661903000000000,0,145661903000000000,1.5729587,0x7fF0B7D8b99E4cD685355A786B6ad5287B6552C1,0100000000000000000000007521006992130ebda85cb293b664c555180ca1fd,True,40950,2024-03-28T12:00:00Z,2024-07-17T00:54:43Z,2049527.0,2024-07-09T03:45:24Z,,,,,,
0x800f2b0dea6384ea0dbe2f22a754f72f3e2a00778824d92638e04e3668364dc199e78860aa316ee99bd1418f82f900af,1637074,active_ongoing,2024-04-01T07:12:00Z,41805,1228484,2024-03-27T19:14:48Z,32000000000000000000,32002882115000000000,143717788000000000,0,143717788000000000,1.5356814,0x7fF0B7D8b99E4cD685355A786B6ad5287B6552C1,0100000000000000000000007521006992130ebda85cb293b664c555180ca1fd,True,40945,2024-03-28T11:28:00Z,2024-07-17T00:54:43Z,2049401.0,2024-07-09T03:20:12Z,,,,,,
0x8011522855b820f9999c7569821f2667a13e7eeb6af8530857892c9770c99281cf23ee05151ef6264b8ccbc37a924c89,1635053,active_ongoing,2024-03-31T04:12:48Z,41552,1228297,2024-03-27T18:33:36Z,32000000000000000000,32002905128000000000,145285795000000000,0,145285795000000000,1.5362536,0x7fF0B7D8b99E4cD685355A786B6ad5287B6552C1,0100000000000000000000007521006992130ebda85cb293b664c555180ca1fd,True,40941,2024-03-28T11:02:24Z,2024-07-17T00:54:41Z,2049275.0,2024-07-09T02:55:00Z,,,,,,
0x8011592b6cb047a031a17e3281d51e72a50abc170439d845b7b1d0eb8d9b72c45e0cafc856d504a9d3219dbf90475dc4,1638637,active_ongoing,2024-04-02T04:00:00Z,42000,1228626,2024-03-27T19:45:48Z,32000000000000000000,32002833585000000000,146176873000000000,0,146176873000000000,1.5747429,0x7fF0B7D8b99E4cD685355A786B6ad5287B6552C1,0100000000000000000000007521006992130ebda85cb293b664c555180ca1fd,True,40949,2024-03-28T11:53:36Z,2024-07-17T00:54:42Z,2049499.0,2024-07-09T03:39:48Z,,,,,,
0x80119cc169fc0f84d00f3a3b5881c2328c34f042786b3829e8ac3b512b8ce6e15547b1ec821788c70b5b3eaef3e8a7cd,1638751,active_ongoing,2024-04-02T05:29:36Z,42014,1228639,2024-03-27T19:49:00Z,32000000000000000000,32002870574000000000,199044961000000000,35956108845549776,235001069845549776,2.533122,0x7fF0B7D8b99E4cD685355A786B6ad5287B6552C1,0100000000000000000000007521006992130ebda85cb293b664c555180ca1fd,True,40949,2024-03-28T11:53:36Z,2024-07-17T00:54:41Z,2049506.0,2024-07-09T03:41:12Z,0x7521006992130EBda85cb293B664C555180CA1Fd,,,,,
0x80120fadcf9296d363ea280e445cc511a6938db16027732c0e5735695b0991dea073ad534b5a9ef35eb9052181660962,1696602,active_ongoing,2024-05-04T08:48:00Z,49245,1415726,2024-04-25T09:52:12Z,32000000000000000000,32002441985000000000,96961656000000000,0,96961656000000000,1.5010537,0xff9E47B2EBc22eFA1c680dcd2935872467E5625E,010000000000000000000000f0179dec45a37423ead4fad5fcb136197872ead9,True,47396,2024-04-26T03:34:24Z,2024-07-17T00:54:41Z,2017593.0,2024-07-04T17:18:36Z,,,,,,
0x80186c9e4cb63c6e9af2671a39d8e7afe7ca6e5d5efe8deb69764e7563c390f84a5ee46fd4e14a7f753b6e2d576fad48,1636036,active_ongoing,2024-03-31T17:20:00Z,41675,1228380,2024-03-27T18:52:24Z,32000000000000000000,32002891316000000000,198274027000000000,11404072540958160,209678099540958160,2.2284317,0x7fF0B7D8b99E4cD685355A786B6ad5287B6552C1,0100000000000000000000007521006992130ebda85cb293b664c555180ca1fd,True,40943,2024-03-28T11:15:12Z,2024-07-17T00:54:42Z,2049336.0,2024-07-09T03:07:12Z,0x1268AD189526AC0b386faF06eFfC46779c340eE6,,,,,
0x801b997e4900df1840010337f770ee6bdb1cdca8d97045d8e218bf24bc23378ca4c81407b0c1dd1babb2e28eff7b5ddc,1639221,active_ongoing,2024-04-02T11:47:12Z,42073,1228685,2024-03-27T19:58:24Z,32000000000000000000,32002850818000000000,145571636000000000,0,145571636000000000,1.573043,0x7fF0B7D8b99E4cD685355A786B6ad5287B6552C1,0100000000000000000000007521006992130ebda85cb293b664c555180ca1fd,True,40950,2024-03-28T12:00:00Z,2024-07-17T00:54:42Z,2049535.0,2024-07-09T03:47:00Z,,,,,,
0x801d5a2b27e5c39d606649313511615ec67097109a728e0ca38abeedea97943baf6734474275dacfd1e4eed6cc7fa201,1636566,active_ongoing,2024-04-01T00:22:24Z,41741,1228437,2024-03-27T19:05:00Z,32000000000000000000,32002875550000000000,200783421000000000,12137752387999130,212921173387999130,2.2691004,0x7fF0B7D8b99E4cD685355A786B6ad5287B6552C1,0100000000000000000000007521006992130ebda85cb293b664c555180ca1fd,True,40944,2024-03-28T11:21:36Z,2024-07-17T00:54:42Z,2049369.0,2024-07-09T03:13:48Z,0x7521006992130EBda85cb293B664C555180CA1Fd,,,,,
0x801e44f06728a7f00ac6cacb51af572b3660f550d62b0c8913669b9760d25a3186146b8018da6aa9e1fde5acbe837905,1633925,active_ongoing,2024-03-30T13:10:24Z,41411,1228181,2024-03-27T18:08:48Z,32000000000000000000,32002916801000000000,150028630000000000,0,150028630000000000,1.5772414,0x7fF0B7D8b99E4cD685355A786B6ad5287B6552C1,0100000000000000000000007521006992130ebda85cb293b664c555180ca1fd,True,40938,2024-03-28T10:43:12Z,2024-07-17T00:54:43Z,2049204.0,2024-07-09T02:40:48Z,,,,,,
0x801f3127a51eb3e1808d73f2cd7d4ba05dc7db6856596411b518c56aaa9bd91244382962841777e5ab0922072f69d97b,1637075,active_ongoing,2024-04-01T07:12:00Z,41805,1228484,2024-03-27T19:14:48Z,32000000000000000000,32002847646000000000,143576648000000000,0,143576648000000000,1.5341733,0x7fF0B7D8b99E4cD685355A786B6ad5287B6552C1,0100000000000000000000007521006992130ebda85cb293b664c555180ca1fd,True,40945,2024-03-28T11:28:00Z,2024-07-17T00:54:42Z,2049401.0,2024-07-09T03:20:12Z,,,,,,
0x801fea0fa0c797ea5c1697812b32fcf96e904c69fc58a1c539b97c5a14d49263c39ba08a2dcda56cd38a25471b1c2ffd,1639012,active_ongoing,2024-04-02T09:00:48Z,42047,1228670,2024-03-27T19:55:24Z,32000000000000000000,32002813157000000000,195563996000000000,2893381051558624,198457377051558624,2.1421797,0x7fF0B7D8b99E4cD685355A786B6ad5287B6552C1,0100000000000000000000007521006992130ebda85cb293b664c555180ca1fd,True,40950,2024-03-28T12:00:00Z,2024-07-17T00:54:43Z,2049522.0,2024-07-09T03:44:24Z,0x7521006992130EBda85cb293B664C555180CA1Fd,,,,,
0x8021a978a2c93b84ba334c10c4f95d33af825855ac7e0cac37957b4600ee0e359e4fca9ae7d419cfe3cf8a482d6e2377,1634330,active_ongoing,2024-03-30T18:36:48Z,41462,1228222,2024-03-27T18:17:48Z,32000000000000000000,32002940039000000000,201758871000000000,1761123000000000,203519994000000000,2.144072,0x7fF0B7D8b99E4cD685355A786B6ad5287B6552C1,0100000000000000000000007521006992130ebda85cb293b664c555180ca1fd,True,40939,2024-03-28T10:49:36Z,2024-07-17T00:54:41Z,2049230.0,2024-07-09T02:46:00Z,0x7521006992130EBda85cb293B664C555180CA1Fd,,,,,
0x8023d17c5508c2598dbaba3d0dc5958524a72de850e4322d5c6fe7935ac530ebd35d355b0d40afe40cac805145ad074f,1634052,active_ongoing,2024-03-30T14:52:48Z,41427,1228196,2024-03-27T18:12:12Z,32000000000000000000,32002935031000000000,255462859000000000,5158178788762000,260621037788762000,2.7416894,0x7fF0B7D8b99E4cD685355A786B6ad5287B6552C1,0100000000000000000000007521006992130ebda85cb293b664c555180ca1fd,True,40938,2024-03-28T10:43:12Z,2024-07-17T00:54:40Z,2049212.0,2024-07-09T02:42:24Z,0x7521006992130EBda85cb293B664C555180CA1Fd,,,,,
0x80243cabe1691718a925203ab3270ec9995ccb499bfa5ca72870739c78c3270118851687043aea5361636546593c4b4f,1633744,active_ongoing,2024-03-30T10:43:12Z,41388,1228137,2024-03-27T17:59:00Z,32000000000000000000,32002925280000000000,203352189000000000,5025650399894215,208377839399894215,2.188601,0x7fF0B7D8b99E4cD685355A786B6ad5287B6552C1,0100000000000000000000007521006992130ebda85cb293b664c555180ca1fd,True,40938,2024-03-28T10:43:12Z,2024-07-17T00:54:43Z,2049193.0,2024-07-09T02:38:36Z,0x7521006992130EBda85cb293B664C555180CA1Fd,,,,,
0x8024e503ed9a6df3c682fb2083fa06036656301268381fa0f876c8ba5a5a1c3cb1ca9cc0414dd1fc99f7e308d8016561,1638482,active_ongoing,2024-04-02T01:58:24Z,41981,1228612,2024-03-27T19:42:36Z,32000000000000000000,32002870558000000000,198438679000000000,2591937500000000,201030616500000000,2.1639488,0x7fF0B7D8b99E4cD685355A786B6ad5287B6552C1,0100000000000000000000007521006992130ebda85cb293b664c555180ca1fd,True,40948,2024-03-28T11:47:12Z,2024-07-17T00:54:41Z,2049489.0,2024-07-09T03:37:48Z,0x7521006992130EBda85cb293B664C555180CA1Fd,,,,,
0x80276fad0769986858bfdf89d05ce77fce585eecb74d0bf11f96afa442694470b550779b481f2bc13c5b7947e2057923,1633158,active_ongoing,2024-03-30T02:56:00Z,41315,1227937,2024-03-27T17:17:48Z,32000000000000000000,32002938570000000000,150643476000000000,0,150643476000000000,1.5775018,0x7fF0B7D8b99E4cD685355A786B6ad5287B6552C1,0100000000000000000000007521006992130ebda85cb293b664c555180ca1fd,True,40936,2024-03-28T10:30:24Z,2024-07-17T00:54:43Z,2049156.0,2024-07-09T02:31:12Z,,,,,,
0x8027a4170a539a255c37c880ec9144a5178e2a4dfbdf3a5b15c2fc52231341de3df84910f04df3d74124abfc4e15322f,1639384,active_ongoing,2024-04-02T13:55:12Z,42093,1228698,2024-03-27T20:01:12Z,32000000000000000000,32002866330000000000,145796803000000000,0,145796803000000000,1.576804,0x7fF0B7D8b99E4cD685355A786B6ad5287B6552C1,0100000000000000000000007521006992130ebda85cb293b664c555180ca1fd,True,40950,2024-03-28T12:00:00Z,2024-07-17T00:54:42Z,2049545.0,2024-07-09T03:49:00Z,,,,,,
0x8028fdab700a00718d790a468d7b71532ddbcc13b35b7bf22bfd64d876832e7142fbeaa2ed96dc660e93655bfb7e9fd5,1639391,active_ongoing,2024-04-02T14:01:36Z,42094,1228698,2024-03-27T20:01:12Z,32000000000000000000,32002821845000000000,245135968000000000,39773851883391306,284909819883391306,3.0814521,0x7fF0B7D8b99E4cD685355A786B6ad5287B6552C1,0100000000000000000000007521006992130ebda85cb293b664c555180ca1fd,True,40951,2024-03-28T12:06:24Z,2024-07-17T00:54:41Z,2049546.0,2024-07-09T03:49:12Z,0x7521006992130EBda85cb293B664C555180CA1Fd,,,,,
0x80291ed0a65d17a5653c25dd21130916bc6a3f34c878e6d20026d2e17ba76fb893eba8b3c95efcfc294b932b0a1912b2,1637200,active_ongoing,2024-04-01T08:48:00Z,41820,1228497,2024-03-27T19:18:00Z,32000000000000000000,32002865000000000000,143815660000000000,0,143815660000000000,1.5376875,0x7fF0B7D8b99E4cD685355A786B6ad5287B6552C1,0100000000000000000000007521006992130ebda85cb293b664c555180ca1fd,True,40945,2024-03-28T11:28:00Z,2024-07-17T00:54:41Z,2049409.0,2024-07-09T03:21:48Z,,,,,,
0x8031949b72acbf132002a10b61cd2406e2a7292f05a977d428fed5336c089f58797e7186b9ac6296b489a230a1ece40f,1692413,active_ongoing,2024-05-02T00:54:24Z,48721,1385876,2024-04-20T19:39:48Z,32000000000000000000,32002529639000000000,152260949000000000,2839180635369832,155100129635369832,2.3275204,0xff9E47B2EBc22eFA1c680dcd2935872467E5625E,010000000000000000000000f0179dec45a37423ead4fad5fcb136197872ead9,True,46309,2024-04-21T07:37:36Z,2024-07-17T00:54:41Z,2017373.0,2024-07-04T16:34:36Z,0xE73a3602b99f1f913e72F8bdcBC235e206794Ac8,,,,,
0x8033888735cc031f4a023dad32490a3ae49d2d527728c60a386b09f9f4c1789e86dffcec4eaf3659219fcd015342fc32,1636704,active_ongoing,2024-04-01T02:11:12Z,41758,1228451,2024-03-27T19:08:12Z,32000000000000000000,32002834534000000000,147237979000000000,0,147237979000000000,1.5702232,0x7fF0B7D8b99E4cD685355A786B6ad5287B6552C1,0100000000000000000000007521006992130ebda85cb293b664c555180ca1fd,True,40944,2024-03-28T11:21:36Z,2024-07-17T00:54:41Z,2049378.0,2024-07-09T03:15:36Z,,,,,,
0x8033d55aa4cfd02302a8aca76585a6ff27bea8772cdeb6ff9cffa43cf3438ac56c34037610919690e53d37637003c430,1639263,active_ongoing,2024-04-02T12:19:12Z,42078,1228685,2024-03-27T19:58:24Z,32000000000000000000,32002844095000000000,197393582000000000,3575344145090472,200968926145090472,2.1721218,0x7fF0B7D8b99E4cD685355A786B6ad5287B6552C1,0100000000000000000000007521006992130ebda85cb293b664c555180ca1fd,True,40950,2024-03-28T12:00:00Z,2024-07-17T00:54:43Z,2049538.0,2024-07-09T03:47:36Z,0x7521006992130EBda85cb293B664C555180CA1Fd,,,,,
0x8035a2fa61405f3764055e0259f97e4dffd628edf640f9b39b1672d1c07b66a5bf5c4acb7eb58a0d1313d4f81cbcb36f,1696354,active_ongoing,2024-05-04T05:29:36Z,49214,1415715,2024-04-25T09:50:00Z,32000000000000000000,32002475977000000000,97615543000000000,0,97615543000000000,1.5083559,0xff9E47B2EBc22eFA1c680dcd2935872467E5625E,010000000000000000000000f0179dec45a37423ead4fad5fcb136197872ead9,True,47396,2024-04-26T03:34:24Z,2024-07-17T00:54:42Z,2017577.0,2024-07-04T17:15:24Z,,,,,,
0x803b9af1856a7f32544a1923c061c048e2534e4eedc921da320baedca4f5b20da9e8f323713cc3efa562d45aba2bf640,1635004,active_ongoing,2024-03-31T03:34:24Z,41546,1228297,2024-03-27T18:33:36Z,32000000000000000000,32002928857000000000,193627857000000000,2530410343297616,196158267343297616,2.073667,0x7fF0B7D8b99E4cD685355A786B6ad5287B6552C1,0100000000000000000000007521006992130ebda85cb293b664c555180ca1fd,True,40940,2024-03-28T10:56:00Z,2024-07-17T00:54:43Z,2049272.0,2024-07-09T02:54:24Z,0x1268AD189526AC0b386faF06eFfC46779c340eE6,,,,,
0x803f64508d3aa71f257ae97f1d7f01fb5b37acc3db40921b75d936214c9d227682bbcbaf9036108a954196fc49d0e49c,1634358,active_ongoing,2024-03-30T18:56:00Z,41465,1228222,2024-03-27T18:17:48Z,32000000000000000000,32002922505000000000,247880332000000000,11038594262010928,258918926262010928,2.7280326,0x7fF0B7D8b99E4cD685355A786B6ad5287B6552C1,0100000000000000000000007521006992130ebda85cb293b664c555180ca1fd,True,40939,2024-03-28T10:49:36Z,2024-07-17T00:54:42Z,2049231.0,2024-07-09T02:46:12Z,0x7521006992130EBda85cb293B664C555180CA1Fd,,,,,
0x8040039c7174b49b0b0deb1c43fdc79207539f88dcd501099547f2983db1cfd6ff1674858bbf5199270e383e8aab92ec,1635324,active_ongoing,2024-03-31T07:50:24Z,41586,1228325,2024-03-27T18:40:24Z,32000000000000000000,32002878151000000000,145325962000000000,0,145325962000000000,1.538834,0x7fF0B7D8b99E4cD685355A786B6ad5287B6552C1,0100000000000000000000007521006992130ebda85cb293b664c555180ca1fd,True,40941,2024-03-28T11:02:24Z,2024-07-17T00:54:43Z,2049292.0,2024-07-09T02:58:24Z,,,,,,
0x80425c76d9063ec103a205f8f66d7109c5496d2b942334209d589c0a69b10d13b85151bb43dec52666821c84b7ded720,1638418,active_ongoing,2024-04-02T01:07:12Z,41973,1228612,2024-03-27T19:42:36Z,32000000000000000000,32002865421000000000,146212005000000000,0,146212005000000000,1.5733383,0x7fF0B7D8b99E4cD685355A786B6ad5287B6552C1,0100000000000000000000007521006992130ebda85cb293b664c555180ca1fd,True,40948,2024-03-28T11:47:12Z,2024-07-17T00:54:43Z,2049485.0,2024-07-09T03:37:00Z,,,,,,
0x80435176bfc142ce29da65117b24530cfe55480b65ceb33fe51661e898ab20726a3c4db542640a3f12a30188b28cdbc4,1634355,active_ongoing,2024-03-30T18:56:00Z,41465,1228222,2024-03-27T18:17:48Z,32000000000000000000,32002908343000000000,204211232000000000,7836944201524636,212048176201524636,2.2341912,0x7fF0B7D8b99E4cD685355A786B6ad5287B6552C1,0100000000000000000000007521006992130ebda85cb293b664c555180ca1fd,True,40939,2024-03-28T10:49:36Z,2024-07-17T00:54:41Z,2049231.0,2024-07-09T02:46:12Z,0x7521006992130EBda85cb293B664C555180CA1Fd,,,,,
0x804366b10e8f0f89b62bd67b6b059966dc5eedd7a4efecad9174eb6fee98cc4523b3d177344f43c2e7b7fe73ab973ffa,1637244,active_ongoing,2024-04-01T09:26:24Z,41826,1228497,2024-03-27T19:18:00Z,32000000000000000000,32002877017000000000,196331574000000000,5579233643161464,201910807643161464,2.1593847,0x7fF0B7D8b99E4cD685355A786B6ad5287B6552C1,0100000000000000000000007521006992130ebda85cb293b664c555180ca1fd,True,40946,2024-03-28T11:34:24Z,2024-07-17T00:54:42Z,2049412.0,2024-07-09T03:22:24Z,0x1268AD189526AC0b386faF06eFfC46779c340eE6,,,,,
0x804639b26d1bed6ea3194558acf21e0496392b52324be54c7d1aa2ce3e502ed4e469b23a37ba50296fbb5d66abce7a19,1635545,active_ongoing,2024-03-31T10:43:12Z,41613,1228339,2024-03-27T18:43:12Z,32000000000000000000,32002917675000000000,145020341000000000,0,145020341000000000,1.5373104,0x7fF0B7D8b99E4cD685355A786B6ad5287B6552C1,0100000000000000000000007521006992130ebda85cb293b664c555180ca1fd,True,40942,2024-03-28T11:08:48Z,2024-07-17T00:54:41Z,2049305.0,2024-07-09T03:01:00Z,,,,,,
0x804731ab32c67c764ae7a924c35b4a26e4fb8316512cdd2b3a62441848d3eaafbcc4cd65192cf4a1d89617a3c767de24,1636867,active_ongoing,2024-04-01T04:25:36Z,41779,1228467,2024-03-27T19:11:24Z,32000000000000000000,32002879825000000000,147253476000000000,0,147253476000000000,1.57176,0x7fF0B7D8b99E4cD685355A786B6ad5287B6552C1,0100000000000000000000007521006992130ebda85cb293b664c555180ca1fd,True,40945,2024-03-28T11:28:00Z,2024-07-17T00:54:41Z,2049388.0,2024-07-09T03:17:36Z,,,,,,
0x80475ab0715f018bde51cc49a2785a687acae3baf19e65ac17f1d919de49b13acca92a5729b62abb6b6f462fe5d1a2c9,1639070,active_ongoing,2024-04-02T09:45:36Z,42054,1228670,2024-03-27T19:55:24Z,32000000000000000000,32002897380000000000,199223281000000000,3754642856275832,202977923856275832,2.1916203,0x7fF0B7D8b99E4cD685355A786B6ad5287B6552C1,0100000000000000000000007521006992130ebda85cb293b664c555180ca1fd,True,40950,2024-03-28T12:00:00Z,2024-07-17T00:54:42Z,2049526.0,2024-07-09T03:45:12Z,0x7521006992130EBda85cb293B664C555180CA1Fd,,,,,
0x804f6adecc2ac0ab84cb95480fe314e0c5c230c9b7a91e89c945879e19cd66681d997d51265bc83d06373bb87fc1700b,1639362,active_ongoing,2024-04-02T13:42:24Z,42091,1228698,2024-03-27T20:01:12Z,32000000000000000000,32002866260000000000,262066286000000000,27578159730110320,289644445730110320,3.1322637,0x7fF0B7D8b99E4cD685355A786B6ad5287B6552C1,0100000000000000000000007521006992130ebda85cb293b664c555180ca1fd,True,40950,2024-03-28T12:00:00Z,2024-07-17T00:54:41Z,2049544.0,2024-07-09T03:48:48Z,0x7521006992130EBda85cb293B664C555180CA1Fd,,,,,
0x805498c586d5f9dfd5cc1ba840ea1e5f6602b2b0283b6eebe926bfdc567cd5eced0112600b7f91e41b278b65de379d08,1637568,active_ongoing,2024-04-01T13:42:24Z,41866,1228525,2024-03-27T19:24:00Z,32000000000000000000,32002841164000000000,146818398000000000,0,146818398000000000,1.5728072,0x7fF0B7D8b99E4cD685355A786B6ad5287B6552C1,0100000000000000000000007521006992130ebda85cb293b664c555180ca1fd,True,40946,2024-03-28T11:34:24Z,2024-07-17T00:54:43Z,2049432.0,2024-07-09T03:26:24Z,,,,,,
0x805c4ed6cd00709cf397f3d13fa54e194bb0fe76aaca7c1ad3a23780e6015c21417a32f3c254b370d78fbb3d3a8e6a47,1555801,active_ongoing,2024-01-12T09:58:24Z,23831,716461,2024-01-11T16:32:48Z,32000000000000000000,32053373889000000000,414329818000000000,9194356772954628,423524174772954628,2.5884407,0xaA7DaD8f681cDAf1CCD48E939041d43bB409255a,010000000000000000000000aa7dad8f681cdaf1ccd48e939041d43bb409255a,True,23782,2024-01-12T04:44:48Z,2024-07-17T00:54:41Z,2046237.0,2024-07-08T16:47:24Z,0xaA7DaD8f681cDAf1CCD48E939041d43bB409255a,,,,,
0x805e1f0b17a0bd106294bb9f41d79698fa721480d58611f2f3be2c2db7e7970a4bd1785eccd8e73a9de953f6670d6bf1,1726196,withdrawal_done,2024-06-08T03:28:00Z,57070,1688718,2024-06-07T10:09:24Z,0,0,14616995000000000,0,14616995000000000,0.42858022,0x14F9ee8F2cC5cEb719964d9E1137FdF12aeBBb2E,0100000000000000000000005318ae2149679ab50cd21ffdbd8d3efbf28e07ac,True,57062,2024-06-08T02:36:48Z,2024-07-17T00:54:43Z,,,,2024-06-18T09:13:36Z,59374.0,True,,
0x805f0cace81946eb937e71d624274f9ebaba3ed95643f822750a83bdb9d8a9774c7ee4f49540f5c707e23235261a8fff,1637348,active_ongoing,2024-04-01T10:49:36Z,41839,1228512,2024-03-27T19:21:00Z,32000000000000000000,32002898125000000000,197617514000000000,5714062797370063,203331576797370063,2.1757584,0x7fF0B7D8b99E4cD685355A786B6ad5287B6552C1,0100000000000000000000007521006992130ebda85cb293b664c555180ca1fd,True,40946,2024-03-28T11:34:24Z,2024-07-17T00:54:43Z,2049418.0,2024-07-09T03:23:36Z,0x1268AD189526AC0b386faF06eFfC46779c340eE6,,,,,
0x806388cbc882039292384eaeed051c1fb53f011c807453806ec6dd4a3f8ef6d98e3e30656c3e588d4bb4e2a9514b430c,1637049,active_ongoing,2024-04-01T06:46:24Z,41801,1228484,2024-03-27T19:14:48Z,32000000000000000000,32002892281000000000,144421916000000000,0,144421916000000000,1.5429482,0x7fF0B7D8b99E4cD685355A786B6ad5287B6552C1,0100000000000000000000007521006992130ebda85cb293b664c555180ca1fd,True,40945,2024-03-28T11:28:00Z,2024-07-17T00:54:43Z,2049399.0,2024-07-09T03:19:48Z,,,,,,
0x80662674a043f82289bd6b888cf9a988188c447ddb435a562733e1668a687f5c3759e89384e61590df3a0d2952516547,1637848,active_ongoing,2024-04-01T17:26:24Z,41901,1228555,2024-03-27T19:30:24Z,32000000000000000000,32002830821000000000,199209539000000000,5700830053992000,204910369053992000,2.1983352,0x7fF0B7D8b99E4cD685355A786B6ad5287B6552C1,0100000000000000000000007521006992130ebda85cb293b664c555180ca1fd,True,40947,2024-03-28T11:40:48Z,2024-07-17T00:54:42Z,2049449.0,2024-07-09T03:29:48Z,0x7521006992130EBda85cb293B664C555180CA1Fd,,,,,
0x80683114a778459b07f9e5e903dda8f248c53ba14a7c4d8783813ce2127b10b86c34554e4272e58d005b878b2a047f01,1639169,active_ongoing,2024-04-02T11:02:24Z,42066,1228685,2024-03-27T19:58:24Z,32000000000000000000,32002850889000000000,145647025000000000,0,145647025000000000,1.573394,0x7fF0B7D8b99E4cD685355A786B6ad5287B6552C1,0100000000000000000000007521006992130ebda85cb293b664c555180ca1fd,True,40950,2024-03-28T12:00:00Z,2024-07-17T00:54:41Z,2049532.0,2024-07-09T03:46:24Z,,,,,,
0x8069df2e1ee8e0760cc2dd239709ad321b4de79f07ddc44a15aa41c0297ec4286a93b84e20067f37bbb7d2f2dc57989c,1633976,active_ongoing,2024-03-30T13:48:48Z,41417,1228196,2024-03-27T18:12:12Z,32000000000000000000,32002950093000000000,201895255000000000,3727546594121024,205622801594121024,2.162231,0x7fF0B7D8b99E4cD685355A786B6ad5287B6552C1,0100000000000000000000007521006992130ebda85cb293b664c555180ca1fd,True,40938,2024-03-28T10:43:12Z,2024-07-17T00:54:43Z,2049207.0,2024-07-09T02:41:24Z,0x7521006992130EBda85cb293B664C555180CA1Fd,,,,,
0x806d942ad2e0f16b05dbe69195bf1bb673f28d4cd9f516809ae81949ffb2ecc397681e7e332fad8b69bd86bfb33f9006,1638049,active_ongoing,2024-04-01T20:06:24Z,41926,1228567,2024-03-27T19:33:12Z,32000000000000000000,32002865673000000000,146638082000000000,0,146638082000000000,1.5748197,0x7fF0B7D8b99E4cD685355A786B6ad5287B6552C1,0100000000000000000000007521006992130ebda85cb293b664c555180ca1fd,True,40947,2024-03-28T11:40:48Z,2024-07-17T00:54:41Z,2049462.0,2024-07-09T03:32:24Z,,,,,,
0x806e16e0f44a0058a66aff75bc069976f7f9751be20a618671cc81d94bea35024a0f9c01e53867600faf390bba942749,1637154,active_ongoing,2024-04-01T08:16:00Z,41815,1228497,2024-03-27T19:18:00Z,32000000000000000000,32002854856000000000,142776307000000000,0,142776307000000000,1.5262567,0x7fF0B7D8b99E4cD685355A786B6ad5287B6552C1,0100000000000000000000007521006992130ebda85cb293b664c555180ca1fd,True,40945,2024-03-28T11:28:00Z,2024-07-17T00:54:41Z,2049406.0,2024-07-09T03:21:12Z,,,,,,
0x806e1f0ebd4a7307f6a7f06d511e8ea13ed15e38f197efb241abf60f50af5d498b9970caad7c8039921b3b41dc4373bd,1634885,active_ongoing,2024-03-31T01:58:24Z,41531,1228280,2024-03-27T18:30:12Z,32000000000000000000,32002882684000000000,198978410000000000,1890306000000000,200868716000000000,2.1221519,0x7fF0B7D8b99E4cD685355A786B6ad5287B6552C1,0100000000000000000000007521006992130ebda85cb293b664c555180ca1fd,True,40940,2024-03-28T10:56:00Z,2024-07-17T00:54:43Z,2049264.0,2024-07-09T02:52:48Z,0x1268AD189526AC0b386faF06eFfC46779c340eE6,,,,,
0x806fcaf11d24d37ab9bb3338a2dcf817d8bf795582b6b6caa917d3cb95613d08c22dc6c31e46ce4d3eaff1fc861aeb84,1557281,active_ongoing,2024-01-16T04:57:36Z,24684,741916,2024-01-15T12:15:12Z,32000000000000000000,32054190051000000000,362073471000000000,7953550330721448,370027021330721448,2.3083746,0x67AaF4658c54FDfe06E1d8E62F8e44B9de4Da6F5,01000000000000000000000067aaf4658c54fdfe06e1d8e62f8e44b9de4da6f5,True,24678,2024-01-16T04:19:12Z,2024-07-17T00:54:41Z,2046293.0,2024-07-08T16:58:36Z,0x67AaF4658c54FDfe06E1d8E62F8e44B9de4Da6F5,,,,,
0x807356530d24adb327970f572f680b7317f8e2643c14aa5d34caf66ee3012f6ee1e0238748a668b26cfb81c5e8a6abd9,1635050,active_ongoing,2024-03-31T04:12:48Z,41552,1228297,2024-03-27T18:33:36Z,32000000000000000000,32002895310000000000,199824974000000000,36663650500000000,236488624500000000,2.5006332,0x7fF0B7D8b99E4cD685355A786B6ad5287B6552C1,0100000000000000000000007521006992130ebda85cb293b664c555180ca1fd,True,40941,2024-03-28T11:02:24Z,2024-07-17T00:54:42Z,2049275.0,2024-07-09T02:55:00Z,0x1268AD189526AC0b386faF06eFfC46779c340eE6,,,,,
0x80756d8d9ef7ef0605b6e6194be0289c63d0cc6586cc23630a4cf442177dfa4af8ad45476a2e352be4766ffd6791553f,1635603,active_ongoing,2024-03-31T11:34:24Z,41621,1228353,2024-03-27T18:46:12Z,32000000000000000000,32002921061000000000,145091687000000000,0,145091687000000000,1.538575,0x7fF0B7D8b99E4cD685355A786B6ad5287B6552C1,0100000000000000000000007521006992130ebda85cb293b664c555180ca1fd,True,40942,2024-03-28T11:08:48Z,2024-07-17T00:54:43Z,2049309.0,2024-07-09T03:01:48Z,,,,,,
0x80777098253de509c8074ddc37b397e4515305f43b2da9cabcf172dcdc9e8970999c1eb68fb9d77e3ce71b8d56407aef,1636143,active_ongoing,2024-03-31T18:43:12Z,41688,1228396,2024-03-27T18:56:00Z,32000000000000000000,32002880231000000000,144087492000000000,0,144087492000000000,1.532168,0x7fF0B7D8b99E4cD685355A786B6ad5287B6552C1,0100000000000000000000007521006992130ebda85cb293b664c555180ca1fd,True,40943,2024-03-28T11:15:12Z,2024-07-17T00:54:41Z,2049343.0,2024-07-09T03:08:36Z,,,,,,
0x8077c4b187b44d1568d1d4c8c99b33a2795844c374ba09a75173fb67c6c68ce75275901a053a0503ab2cd8b28f12bc34,1639158,active_ongoing,2024-04-02T10:56:00Z,42065,1228685,2024-03-27T19:58:24Z,32000000000000000000,32002840828000000000,198256154000000000,2189830652123000,200445984652123000,2.1652844,0x7fF0B7D8b99E4cD685355A786B6ad5287B6552C1,0100000000000000000000007521006992130ebda85cb293b664c555180ca1fd,True,40950,2024-03-28T12:00:00Z,2024-07-17T00:54:42Z,2049531.0,2024-07-09T03:46:12Z,0x7521006992130EBda85cb293B664C555180CA1Fd,,,,,
0x807927ea9bc97d2d15c74609c442ddf9d30e7329e4a946907105895460c44fda57803b8db56d47498a246a01777463da,1636474,active_ongoing,2024-03-31T23:12:00Z,41730,1228424,2024-03-27T19:02:12Z,32000000000000000000,32002890731000000000,199915103000000000,4042275510712568,203957378510712568,2.172581,0x7fF0B7D8b99E4cD685355A786B6ad5287B6552C1,0100000000000000000000007521006992130ebda85cb293b664c555180ca1fd,True,40944,2024-03-28T11:21:36Z,2024-07-17T00:54:43Z,2049363.0,2024-07-09T03:12:36Z,0x7521006992130EBda85cb293B664C555180CA1Fd,,,,,
0x807a0fbcde2a743daac04e89cf699020cb45954811cf38856deca6af0d32530477d1183acbe30c51677f17b62efa2b9c,1638042,active_ongoing,2024-04-01T20:06:24Z,41926,1228567,2024-03-27T19:33:12Z,32000000000000000000,32054088961000000000,197758599000000000,2187960000000000,199946559000000000,2.147326,0x7fF0B7D8b99E4cD685355A786B6ad5287B6552C1,0100000000000000000000007521006992130ebda85cb293b664c555180ca1fd,True,40947,2024-03-28T11:40:48Z,2024-07-17T00:54:43Z,2049461.0,2024-07-09T03:32:12Z,0x7521006992130EBda85cb293B664C555180CA1Fd,,,,,
0x807a64f0da0dc02078655434575130e370760f78193e6da0f9db2b4010c6beb014bd14b041f8ae094377ab251e8ebe21,1638530,active_ongoing,2024-04-02T02:36:48Z,41987,1228626,2024-03-27T19:45:48Z,32000000000000000000,32002881116000000000,145977564000000000,0,145977564000000000,1.5717381,0x7fF0B7D8b99E4cD685355A786B6ad5287B6552C1,0100000000000000000000007521006992130ebda85cb293b664c555180ca1fd,True,40949,2024-03-28T11:53:36Z,2024-07-17T00:54:43Z,2049492.0,2024-07-09T03:38:24Z,,,,,,
0x807ad48054d66d1ac7a530be5054a7ff7ce2bd1ca838b35c39f941bdbec731e0f83e0bb4b01750cf09dd70446861b9b7,1633740,active_ongoing,2024-03-30T10:43:12Z,41388,1228137,2024-03-27T17:59:00Z,32000000000000000000,32002894403000000000,202732978000000000,3023713999832000,205756691999832000,2.1610708,0x7fF0B7D8b99E4cD685355A786B6ad5287B6552C1,0100000000000000000000007521006992130ebda85cb293b664c555180ca1fd,True,40938,2024-03-28T10:43:12Z,2024-07-17T00:54:42Z,2049193.0,2024-07-09T02:38:36Z,0x7521006992130EBda85cb293B664C555180CA1Fd,,,,,
0x807afa768943868673d73ee0109f14c864653b410717ae52bda580b854ec1523c571d23068d51f12fb501a8ae1b8e9d1,1638784,active_ongoing,2024-04-02T05:55:12Z,42018,1228639,2024-03-27T19:49:00Z,32000000000000000000,32002875457000000000,199629973000000000,5212602000000000,204842575000000000,2.2084088,0x7fF0B7D8b99E4cD685355A786B6ad5287B6552C1,0100000000000000000000007521006992130ebda85cb293b664c555180ca1fd,True,40949,2024-03-28T11:53:36Z,2024-07-17T00:54:41Z,2049508.0,2024-07-09T03:41:36Z,0x7521006992130EBda85cb293B664C555180CA1Fd,,,,,
0x807bfaadded1a314e38a0f9478604a242a61e5389c3bb6a1922b6b992227c4be36cb9abdcd957da937e45aebf52e9812,1637265,active_ongoing,2024-04-01T09:39:12Z,41828,1228497,2024-03-27T19:18:00Z,32000000000000000000,32002867593000000000,196963991000000000,4316722446080675,201280713446080675,2.1528256,0x7fF0B7D8b99E4cD685355A786B6ad5287B6552C1,0100000000000000000000007521006992130ebda85cb293b664c555180ca1fd,True,40946,2024-03-28T11:34:24Z,2024-07-17T00:54:42Z,2049413.0,2024-07-09T03:22:36Z,0x1268AD189526AC0b386faF06eFfC46779c340eE6,,,,,
0x807d17ce64b01e7306a535914e996bf031dc9a72bd1afb1101772fed144643561f2fc473baf4436b9289e5fe7cf7bfa9,1635915,active_ongoing,2024-03-31T15:44:00Z,41660,1228380,2024-03-27T18:52:24Z,32000000000000000000,32002893577000000000,396600108000000000,2909684000000000,399509792000000000,4.2433023,0x7fF0B7D8b99E4cD685355A786B6ad5287B6552C1,0100000000000000000000007521006992130ebda85cb293b664c555180ca1fd,True,40943,2024-03-28T11:15:12Z,2024-07-17T00:54:42Z,2049328.0,2024-07-09T03:05:36Z,0x1268AD189526AC0b386faF06eFfC46779c340eE6,,,,,
0x807e1156d91d19fe8ed16e09f18fe2986b161afadf88a20b6c029f52ce75fea699f426192214daff92bca6517edbd9b9,1637005,active_ongoing,2024-04-01T06:14:24Z,41796,1228484,2024-03-27T19:14:48Z,32000000000000000000,32002891456000000000,143970961000000000,0,143970961000000000,1.5378103,0x7fF0B7D8b99E4cD685355A786B6ad5287B6552C1,0100000000000000000000007521006992130ebda85cb293b664c555180ca1fd,True,40945,2024-03-28T11:28:00Z,2024-07-17T00:54:41Z,2049397.0,2024-07-09T03:19:24Z,,,,,,
0x807ec2b64387dc06ae494e80b34abe8dcefca89dcd3d9206ffce0d3b600c6dd137924c61e821436b5ee9f3c5ef97e7cf,1637616,active_ongoing,2024-04-01T14:20:48Z,41872,1228525,2024-03-27T19:24:00Z,32000000000000000000,32002850621000000000,146754888000000000,0,146754888000000000,1.5725206,0x7fF0B7D8b99E4cD685355A786B6ad5287B6552C1,0100000000000000000000007521006992130ebda85cb293b664c555180ca1fd,True,40946,2024-03-28T11:34:24Z,2024-07-17T00:54:43Z,2049435.0,2024-07-09T03:27:00Z,,,,,,
0x807ecdb4906d3c07be01391d922f3444a52b0c9616f800df2c77c0761f2c02bfaf61c3b47b4f3d98c86c9945e75f43c1,1692425,active_ongoing,2024-05-02T01:07:12Z,48723,1386216,2024-04-20T20:53:48Z,32000000000000000000,32002506510000000000,100967898000000000,0,100967898000000000,1.5153587,0xff9E47B2EBc22eFA1c680dcd2935872467E5625E,010000000000000000000000f0179dec45a37423ead4fad5fcb136197872ead9,True,46373,2024-04-21T14:27:12Z,2024-07-17T00:54:43Z,2017374.0,2024-07-04T16:34:48Z,,,,,,
0x807fca3b5284152b0600199ca00b932a0f56b4ad3b18fd1b5b6b89ed2162dbd8bb7fd5080ca7b754fdf089719dbb7f7f,1631951,active_ongoing,2024-03-29T10:49:36Z,41164,1227543,2024-03-27T15:52:36Z,32000000000000000000,32002935752000000000,255128192000000000,4208191870180038,259336383870180038,2.6990776,0x7fF0B7D8b99E4cD685355A786B6ad5287B6552C1,0100000000000000000000007521006992130ebda85cb293b664c555180ca1fd,True,40934,2024-03-28T10:17:36Z,2024-07-17T00:54:43Z,2049081.0,2024-07-09T02:16:12Z,0x7521006992130EBda85cb293B664C555180CA1Fd,,,,,
0x80828e02350674745eeac5d37411857fec05c0336fd2d0a00b0c5823993c2ee9a2c7e05c15b7f06c146c24036a88d39b,1635312,active_ongoing,2024-03-31T07:37:36Z,41584,1228325,2024-03-27T18:40:24Z,32000000000000000000,32002940720000000000,197051460000000000,10992063990638464,208043523990638464,2.2027586,0x7fF0B7D8b99E4cD685355A786B6ad5287B6552C1,0100000000000000000000007521006992130ebda85cb293b664c555180ca1fd,True,40941,2024-03-28T11:02:24Z,2024-07-17T00:54:41Z,2049291.0,2024-07-09T02:58:12Z,0x1268AD189526AC0b386faF06eFfC46779c340eE6,,,,,
0x8082934cb51c0c069b3bf569f781aef8c4f2172222d4d7b5969d836a8b88df50d5e79f991ac8df6f8f860d22fbe8c29e,1638821,active_ongoing,2024-04-02T06:27:12Z,42023,1228654,2024-03-27T19:52:00Z,32000000000000000000,32002849310000000000,145886649000000000,0,145886649000000000,1.5731351,0x7fF0B7D8b99E4cD685355A786B6ad5287B6552C1,0100000000000000000000007521006992130ebda85cb293b664c555180ca1fd,True,40949,2024-03-28T11:53:36Z,2024-07-17T00:54:43Z,2049510.0,2024-07-09T03:42:00Z,,,,,,
0x8082be5fbde42b2e382912b94965171b5c86b2224a9ba8eaedd16e3e329dfcb27c93a285eb3912fcbc0124daf987e1fc,1696549,active_ongoing,2024-05-04T08:09:36Z,49239,1415726,2024-04-25T09:52:12Z,32000000000000000000,32002483897000000000,97216695000000000,0,97216695000000000,1.5044574,0xff9E47B2EBc22eFA1c680dcd2935872467E5625E,010000000000000000000000f0179dec45a37423ead4fad5fcb136197872ead9,True,47396,2024-04-26T03:34:24Z,2024-07-17T00:54:40Z,2017589.0,2024-07-04T17:17:48Z,,,,,,
0x8083e34668bc879ca4383f19d2f5ef95ddb6ac515301d495b6dc3ea1122da4fe48a8c85bf37b2d156d218cdd1b74dc92,1637571,active_ongoing,2024-04-01T13:48:48Z,41867,1228525,2024-03-27T19:24:00Z,32000000000000000000,32002866632000000000,146512369000000000,0,146512369000000000,1.5695943,0x7fF0B7D8b99E4cD685355A786B6ad5287B6552C1,0100000000000000000000007521006992130ebda85cb293b664c555180ca1fd,True,40946,2024-03-28T11:34:24Z,2024-07-17T00:54:41Z,2049432.0,2024-07-09T03:26:24Z,,,,,,
0x80844902141df5f087ffeb509338bcb239bb6dc097bed3ea0cc3663f2d84bb9d39cff62f832216ddc61c0913090d1247,1638133,active_ongoing,2024-04-01T21:16:48Z,41937,1228582,2024-03-27T19:36:24Z,32000000000000000000,32002899406000000000,146504241000000000,0,146504241000000000,1.5741068,0x7fF0B7D8b99E4cD685355A786B6ad5287B6552C1,0100000000000000000000007521006992130ebda85cb293b664c555180ca1fd,True,40948,2024-03-28T11:47:12Z,2024-07-17T00:54:42Z,2049467.0,2024-07-09T03:33:24Z,,,,,,
0x80849b4baf711f8b9563d0af5608ab37d81753bc8907b3a0fc161361ba6e2e182cdd6f9213a7afbe3b2ddea89f584b96,1634680,active_ongoing,2024-03-30T23:12:00Z,41505,1228253,2024-03-27T18:24:12Z,32000000000000000000,32002910725000000000,198642524000000000,1036501322270093,199679025322270093,2.1073272,0x7fF0B7D8b99E4cD685355A786B6ad5287B6552C1,0100000000000000000000007521006992130ebda85cb293b664c555180ca1fd,True,40940,2024-03-28T10:56:00Z,2024-07-17T00:54:41Z,2049251.0,2024-07-09T02:50:12Z,0x7521006992130EBda85cb293B664C555180CA1Fd,,,,,
0x8086a5d908112796fcc8e711116f808dae3b91662ad189ab6dff97b75e7754b31c9a59974c5d150e5312e1d05141adc9,1634525,active_ongoing,2024-03-30T21:10:24Z,41486,1228238,2024-03-27T18:21:12Z,32000000000000000000,32002876348000000000,149745038000000000,0,149745038000000000,1.5791115,0x7fF0B7D8b99E4cD685355A786B6ad5287B6552C1,0100000000000000000000007521006992130ebda85cb293b664c555180ca1fd,True,40939,2024-03-28T10:49:36Z,2024-07-17T00:54:43Z,2049242.0,2024-07-09T02:48:24Z,,,,,,
0x808afdec7c1486da4f7f527066af7dd19c4277154b3c46f3be553889cbf2bdd2dbb036939b22a67ae3316f8fd1d7bd31,1633963,active_ongoing,2024-03-30T13:42:24Z,41416,1228196,2024-03-27T18:12:12Z,32000000000000000000,32002911685000000000,150099176000000000,0,150099176000000000,1.5783063,0x7fF0B7D8b99E4cD685355A786B6ad5287B6552C1,0100000000000000000000007521006992130ebda85cb293b664c555180ca1fd,True,40938,2024-03-28T10:43:12Z,2024-07-17T00:54:41Z,2049207.0,2024-07-09T02:41:24Z,,,,,,
0x808b873350c43e1d6a7311a3ec66e914a53089098a9198a297c2beef00eae9c2bb58eccb647689a19feb090231fa53aa,1635751,active_ongoing,2024-03-31T13:29:36Z,41639,1228369,2024-03-27T18:49:36Z,32000000000000000000,32002917951000000000,144622227000000000,0,144622227000000000,1.5347383,0x7fF0B7D8b99E4cD685355A786B6ad5287B6552C1,0100000000000000000000007521006992130ebda85cb293b664c555180ca1fd,True,40942,2024-03-28T11:08:48Z,2024-07-17T00:54:43Z,2049318.0,2024-07-09T03:03:36Z,,,,,,
0x808cf835e246c73150714ff3e01f76c1fcbe2f375c7fe62cb9353c930a9f548db29fe7050fe27919790505b7cf1bbd44,1637894,active_ongoing,2024-04-01T18:04:48Z,41907,1228555,2024-03-27T19:30:24Z,32000000000000000000,32002890194000000000,198371647000000000,5294593493145662,203666240493145662,2.185536,0x7fF0B7D8b99E4cD685355A786B6ad5287B6552C1,0100000000000000000000007521006992130ebda85cb293b664c555180ca1fd,True,40947,2024-03-28T11:40:48Z,2024-07-17T00:54:41Z,2049452.0,2024-07-09T03:30:24Z,0x7521006992130EBda85cb293B664C555180CA1Fd,,,,,
0x808f11d79b80e9a0ee046c1cb922785b51c2d06853e3aedd1e16c12b6e46e2e44c8c16e329b321dce31673e3bd7aadec,1635493,active_ongoing,2024-03-31T10:04:48Z,41607,1228339,2024-03-27T18:43:12Z,32000000000000000000,32002932487000000000,198176270000000000,1821472232888826,199997742232888826,2.1195815,0x7fF0B7D8b99E4cD685355A786B6ad5287B6552C1,0100000000000000000000007521006992130ebda85cb293b664c555180ca1fd,True,40942,2024-03-28T11:08:48Z,2024-07-17T00:54:42Z,2049302.0,2024-07-09T03:00:24Z,0x1268AD189526AC0b386faF06eFfC46779c340eE6,,,,,
0x8090a66d9ec104bcb7b990c0196ef88a7fa39d90431ee6f81ceb6d8139857f1f547a9db5eb0d28463b547ffb848b7172,1636326,active_ongoing,2024-03-31T21:10:24Z,41711,1228410,2024-03-27T18:58:48Z,32000000000000000000,32002866382000000000,144570644000000000,0,144570644000000000,1.5387721,0x7fF0B7D8b99E4cD685355A786B6ad5287B6552C1,0100000000000000000000007521006992130ebda85cb293b664c555180ca1fd,True,40943,2024-03-28T11:15:12Z,2024-07-17T00:54:41Z,2049354.0,2024-07-09T03:10:48Z,,,,,,
0x80910a1fa71600320302b2a8d935ebfa18d89c57f2b6ffc7558fc6fb10a812580780e3ebe4f27940f549668fcb0631bc,1639365,active_ongoing,2024-04-02T13:42:24Z,42091,1228698,2024-03-27T20:01:12Z,32000000000000000000,32002845849000000000,145452953000000000,0,145452953000000000,1.5729526,0x7fF0B7D8b99E4cD685355A786B6ad5287B6552C1,0100000000000000000000007521006992130ebda85cb293b664c555180ca1fd,True,40950,2024-03-28T12:00:00Z,2024-07-17T00:54:42Z,2049544.0,2024-07-09T03:48:48Z,,,,,,
0x809144bc0a0d5ef12a12fb9a5f65dd88cd9910074c892e008bc30aee3435b16dc3a88b31bc9e1b657c95af6e9e66a7db,1725305,active_ongoing,2024-06-06T03:21:36Z,56619,1675296,2024-06-05T08:03:36Z,32000000000000000000,32002316685000000000,56770597000000000,0,56770597000000000,1.5829877,0x759c6547634770C20A6301505B567648308A713B,010000000000000000000000dae4096515d6df666b55b8a54e4fefa12f2b9b6b,True,56613,2024-06-06T02:43:12Z,2024-07-17T00:54:42Z,2018322.0,2024-07-04T19:44:24Z,,,,,0,54453912000000000
0x80934b7a04eccfcb18286ab0fe543cc513ee4a4ee66cdb6b23394105e69a5a4be9eea2bbdf50dcfb520f8930c2341db2,1638972,active_ongoing,2024-04-02T08:28:48Z,42042,1228670,2024-03-27T19:55:24Z,32000000000000000000,32002854208000000000,145608667000000000,0,145608667000000000,1.571392,0x7fF0B7D8b99E4cD685355A786B6ad5287B6552C1,0100000000000000000000007521006992130ebda85cb293b664c555180ca1fd,True,40950,2024-03-28T12:00:00Z,2024-07-17T00:54:41Z,2049520.0,2024-07-09T03:44:00Z,,,,,,
0x8094b80d379ab748b4b6592fc9c42772e70ce0ce2899049737c4d5b07f925ddb1b3759bf660f9ed20079a1e2c62a2434,1635477,active_ongoing,2024-03-31T09:52:00Z,41605,1228339,2024-03-27T18:43:12Z,32000000000000000000,32002886818000000000,145044243000000000,0,145044243000000000,1.5370559,0x7fF0B7D8b99E4cD685355A786B6ad5287B6552C1,0100000000000000000000007521006992130ebda85cb293b664c555180ca1fd,True,40942,2024-03-28T11:08:48Z,2024-07-17T00:54:42Z,2049301.0,2024-07-09T03:00:12Z,,,,,,
0x809735347255a13842da061aaa8e2e5b9d104397e026375e621895c0a921a696f11d855846f9417eaa65ed867e4cc598,1638586,active_ongoing,2024-04-02T03:21:36Z,41994,1228626,2024-03-27T19:45:48Z,32000000000000000000,32002829901000000000,248680666000000000,11840570997977807,260521236997977807,2.805852,0x7fF0B7D8b99E4cD685355A786B6ad5287B6552C1,0100000000000000000000007521006992130ebda85cb293b664c555180ca1fd,True,40949,2024-03-28T11:53:36Z,2024-07-17T00:54:41Z,2049495.0,2024-07-09T03:39:00Z,0x7521006992130EBda85cb293B664C555180CA1Fd,,,,,
0x8097e633e3956e8412dd2eb67a63755a8c1ced21959bd745a390bfc74761a8449e426c61dc321b9ecfbec5a80765638f,1631963,active_ongoing,2024-03-29T11:02:24Z,41166,1227543,2024-03-27T15:52:36Z,32000000000000000000,32002968440000000000,152039754000000000,0,152039754000000000,1.5825021,0x7fF0B7D8b99E4cD685355A786B6ad5287B6552C1,0100000000000000000000007521006992130ebda85cb293b664c555180ca1fd,True,40934,2024-03-28T10:17:36Z,2024-07-17T00:54:42Z,2049082.0,2024-07-09T02:16:24Z,,,,,,
0x809884a9f24c146f1db57685c78dd12afb536f7030781e212ee9f6524cd8dacd2599e1b9f23857d59852161ca5e0a849,1555828,active_ongoing,2024-01-12T10:11:12Z,23833,716461,2024-01-11T16:32:48Z,32000000000000000000,32003498331000000000,315460841000000000,3181655135544000,318642496135544000,1.947531,0xaA7DaD8f681cDAf1CCD48E939041d43bB409255a,010000000000000000000000aa7dad8f681cdaf1ccd48e939041d43bb409255a,True,23783,2024-01-12T04:51:12Z,2024-07-17T00:54:41Z,2046239.0,2024-07-08T16:47:48Z,0xaA7DaD8f681cDAf1CCD48E939041d43bB409255a,,,,,
0x8099a72816250f9688ef039b8f34996c4587679b6d63d5b21ac7ca8568af628ec3eca1cb23e61159c0d32cf07bf76625,1637783,active_ongoing,2024-04-01T16:35:12Z,41893,1228555,2024-03-27T19:30:24Z,32000000000000000000,32002892074000000000,146774713000000000,0,146774713000000000,1.5741132,0x7fF0B7D8b99E4cD685355A786B6ad5287B6552C1,0100000000000000000000007521006992130ebda85cb293b664c555180ca1fd,True,40947,2024-03-28T11:40:48Z,2024-07-17T00:54:42Z,2049445.0,2024-07-09T03:29:00Z,,,,,,
0x809f17ac64db42aec888bf63ac70b9f2020e830c6f30cdbe8d2b2db4e96244cc7075a3b32eb934fe5c4f6e0f31d46dff,1634789,active_ongoing,2024-03-31T00:41:36Z,41519,1228266,2024-03-27T18:27:00Z,32000000000000000000,32002903188000000000,252224881000000000,7294054115106760,259518935115106760,2.7404299,0x7fF0B7D8b99E4cD685355A786B6ad5287B6552C1,0100000000000000000000007521006992130ebda85cb293b664c555180ca1fd,True,40940,2024-03-28T10:56:00Z,2024-07-17T00:54:43Z,2049258.0,2024-07-09T02:51:36Z,0x7521006992130EBda85cb293B664C555180CA1Fd,,,,,
0x809f97bb27618aaaa01e953648632d00571a52ba90215c35648996f870e02d20a7f738f68f94b4ea61c8c4d968a3d320,1633216,active_ongoing,2024-03-30T03:40:48Z,41322,1227937,2024-03-27T17:17:48Z,32000000000000000000,32002969047000000000,151111840000000000,0,151111840000000000,1.5828584,0x7fF0B7D8b99E4cD685355A786B6ad5287B6552C1,0100000000000000000000007521006992130ebda85cb293b664c555180ca1fd,True,40936,2024-03-28T10:30:24Z,2024-07-17T00:54:41Z,2049160.0,2024-07-09T02:32:00Z,,,,,,
0x80a1ed5c994cf6d0adf40f6dc31cdaf8af2792db420430369421c8f4476d514b106e0e69547eb5cf0ea621a30e287797,1555762,active_ongoing,2024-01-12T09:52:00Z,23830,716461,2024-01-11T16:32:48Z,32000000000000000000,32003484098000000000,265268907000000000,0,265268907000000000,1.6211978,0xaA7DaD8f681cDAf1CCD48E939041d43bB409255a,010000000000000000000000aa7dad8f681cdaf1ccd48e939041d43bb409255a,True,23782,2024-01-12T04:44:48Z,2024-07-17T00:54:42Z,2046235.0,2024-07-08T16:47:00Z,,,,,,
0x80a39758afbe18dfa3a9c685f55179c803ead7811ecaabff6fa88f6d16632b1db382c71747bf7dedbd05ef6fbc98edee,1634957,active_ongoing,2024-03-31T02:56:00Z,41540,1228280,2024-03-27T18:30:12Z,32000000000000000000,32002901971000000000,145721664000000000,0,145721664000000000,1.5401009,0x7fF0B7D8b99E4cD685355A786B6ad5287B6552C1,0100000000000000000000007521006992130ebda85cb293b664c555180ca1fd,True,40940,2024-03-28T10:56:00Z,2024-07-17T00:54:42Z,2049269.0,2024-07-09T02:53:48Z,,,,,,
0x80a53c84c75bd20934d4246641b8164e8ca6edd221ef72c43f4e6cb0bbfd151d3d1b0283613547c4f185149261eef6cc,1692436,active_ongoing,2024-05-02T01:20:00Z,48725,1387582,2024-04-21T01:56:48Z,32000000000000000000,32002540784000000000,100599726000000000,0,100599726000000000,1.5100096,0xff9E47B2EBc22eFA1c680dcd2935872467E5625E,010000000000000000000000f0179dec45a37423ead4fad5fcb136197872ead9,True,46373,2024-04-21T14:27:12Z,2024-07-17T00:54:43Z,2017374.0,2024-07-04T16:34:48Z,,,,,,
0x80a8358ce3878e57b13e6104362efdec1ccf8438ec7de3c4a78a26365bf28003652ac7e7c50323b239f0240419da76e5,1635699,active_ongoing,2024-03-31T12:51:12Z,41633,1228353,2024-03-27T18:46:12Z,32000000000000000000,32002866688000000000,144619903000000000,0,144619903000000000,1.534333,0x7fF0B7D8b99E4cD685355A786B6ad5287B6552C1,0100000000000000000000007521006992130ebda85cb293b664c555180ca1fd,True,40942,2024-03-28T11:08:48Z,2024-07-17T00:54:42Z,2049315.0,2024-07-09T03:03:00Z,,,,,,
0x80a93528f929f304ab899b146ba017b9e00b620ef30664312f2d42f10d65addb3d49a3710ce4df25d232dda4dd865a4e,1636629,active_ongoing,2024-04-01T01:13:36Z,41749,1228437,2024-03-27T19:05:00Z,32000000000000000000,32002884493000000000,201142705000000000,1345459000000000,202488164000000000,2.158633,0x7fF0B7D8b99E4cD685355A786B6ad5287B6552C1,0100000000000000000000007521006992130ebda85cb293b664c555180ca1fd,True,40944,2024-03-28T11:21:36Z,2024-07-17T00:54:41Z,2049373.0,2024-07-09T03:14:36Z,0x7521006992130EBda85cb293B664C555180CA1Fd,,,,,
0x80aa88752f5415fb53e194cd80fdcebd0c372f07e900551c360c1d4003e6f15ba4ee9ca8b0a8b6b795260fdff267c54b,1633739,active_ongoing,2024-03-30T10:43:12Z,41388,1228137,2024-03-27T17:59:00Z,32000000000000000000,32002917811000000000,202068334000000000,1704556000000000,203772890000000000,2.140235,0x7fF0B7D8b99E4cD685355A786B6ad5287B6552C1,0100000000000000000000007521006992130ebda85cb293b664c555180ca1fd,True,40938,2024-03-28T10:43:12Z,2024-07-17T00:54:43Z,2049193.0,2024-07-09T02:38:36Z,0x7521006992130EBda85cb293B664C555180CA1Fd,,,,,
0x80ade2030a79041267acbbd67a4d3222a8bd67785234b594e452ee3d2302bf9eea0c04f688687f5d5081fa309d5504b2,1637662,active_ongoing,2024-04-01T14:59:12Z,41878,1228539,2024-03-27T19:27:00Z,32000000000000000000,32002808916000000000,146795017000000000,0,146795017000000000,1.5733448,0x7fF0B7D8b99E4cD685355A786B6ad5287B6552C1,0100000000000000000000007521006992130ebda85cb293b664c555180ca1fd,True,40947,2024-03-28T11:40:48Z,2024-07-17T00:54:43Z,2049438.0,2024-07-09T03:27:36Z,,,,,,
0x80ae0c42792c132bb8cb413e50ce385cdf540e70c87d3eaff29ef9a1c6bf73783503186e400606d179902d08b6a14cd6,1636021,active_ongoing,2024-03-31T17:07:12Z,41673,1228380,2024-03-27T18:52:24Z,32000000000000000000,32002885557000000000,197542121000000000,36348838000000000,233890959000000000,2.4855568,0x7fF0B7D8b99E4cD685355A786B6ad5287B6552C1,0100000000000000000000007521006992130ebda85cb293b664c555180ca1fd,True,40943,2024-03-28T11:15:12Z,2024-07-17T00:54:41Z,2049335.0,2024-07-09T03:07:00Z,0x1268AD189526AC0b386faF06eFfC46779c340eE6,,,,,
0x80ae2055d9a0c548994101eb660502934f33575186bd5e683415fff9e014201d5a00b9e781fa2da734f00351061b78a1,1634589,active_ongoing,2024-03-30T22:01:36Z,41494,1228253,2024-03-27T18:24:12Z,32000000000000000000,32002899408000000000,327787085000000000,5293637015631601,333080722015631601,3.5136025,0x7fF0B7D8b99E4cD685355A786B6ad5287B6552C1,0100000000000000000000007521006992130ebda85cb293b664c555180ca1fd,True,40940,2024-03-28T10:56:00Z,2024-07-17T00:54:42Z,2049246.0,2024-07-09T02:49:12Z,0x7521006992130EBda85cb293B664C555180CA1Fd,,,,,
0x80af0da5337b2a43d94e3305df529b23827b8af6bea63cd2fb9adcaed256fd893c6cd59e3c2681ce3d9a6e023ae9ac3e,1633972,active_ongoing,2024-03-30T13:48:48Z,41417,1228196,2024-03-27T18:12:12Z,32000000000000000000,32002888095000000000,149990641000000000,0,149990641000000000,1.5772297,0x7fF0B7D8b99E4cD685355A786B6ad5287B6552C1,0100000000000000000000007521006992130ebda85cb293b664c555180ca1fd,True,40938,2024-03-28T10:43:12Z,2024-07-17T00:54:43Z,2049207.0,2024-07-09T02:41:24Z,,,,,,
0x80b0aeec6c1d76ca7d2b575b1824d03e1f46bdcd2353c6b04790fd9a6f08248d152111df1bc653edd6d000b3d1dd2de1,1636670,active_ongoing,2024-04-01T01:45:36Z,41754,1228451,2024-03-27T19:08:12Z,32000000000000000000,32002908661000000000,147749758000000000,0,147749758000000000,1.5754193,0x7fF0B7D8b99E4cD685355A786B6ad5287B6552C1,0100000000000000000000007521006992130ebda85cb293b664c555180ca1fd,True,40944,2024-03-28T11:21:36Z,2024-07-17T00:54:41Z,2049376.0,2024-07-09T03:15:12Z,,,,,,
0x80b2081fc2c9c073d2af2d52c240aae79fac79260c637295c571c4d56643b198dddc8779cdf50e7b094872f519a810f9,1637546,active_ongoing,2024-04-01T13:29:36Z,41864,1228525,2024-03-27T19:24:00Z,32000000000000000000,32002866286000000000,146617865000000000,0,146617865000000000,1.5705278,0x7fF0B7D8b99E4cD685355A786B6ad5287B6552C1,0100000000000000000000007521006992130ebda85cb293b664c555180ca1fd,True,40946,2024-03-28T11:34:24Z,2024-07-17T00:54:43Z,2049430.0,2024-07-09T03:26:00Z,,,,,,
0x80b33c5c18eb697bb44357cfc0c90ec65cc934162fae10418d2667dd3c52809b705adf1dde7fc57d45b9cbd89bbe76f6,1636049,active_ongoing,2024-03-31T17:26:24Z,41676,1228380,2024-03-27T18:52:24Z,32000000000000000000,32002887058000000000,305085393000000000,18546925702080087,323632318702080087,3.4396648,0x7fF0B7D8b99E4cD685355A786B6ad5287B6552C1,0100000000000000000000007521006992130ebda85cb293b664c555180ca1fd,True,40943,2024-03-28T11:15:12Z,2024-07-17T00:54:43Z,2049337.0,2024-07-09T03:07:24Z,0x1268AD189526AC0b386faF06eFfC46779c340eE6,,,,,
0x80b33c7b31365f4ef66003e402208b7d5bf6b542282a47e75ff30ccde33cb9a01dc48bdf46a5b14470cd9efbbbe94a39,1637893,active_ongoing,2024-04-01T18:04:48Z,41907,1228555,2024-03-27T19:30:24Z,32000000000000000000,32002838740000000000,201145906000000000,3961590222998144,205107496222998144,2.2010016,0x7fF0B7D8b99E4cD685355A786B6ad5287B6552C1,0100000000000000000000007521006992130ebda85cb293b664c555180ca1fd,True,40947,2024-03-28T11:40:48Z,2024-07-17T00:54:43Z,2049452.0,2024-07-09T03:30:24Z,0x7521006992130EBda85cb293B664C555180CA1Fd,,,,,
0x80b3fc3b36cca8ad1f5b19b73e1267ec2c11ae7beb579256c5bda4f5f557060cc24d2c1e176a88837d4b8317687f594c,1634665,active_ongoing,2024-03-30T22:59:12Z,41503,1228253,2024-03-27T18:24:12Z,32000000000000000000,32002863828000000000,149311727000000000,0,149311727000000000,1.5756426,0x7fF0B7D8b99E4cD685355A786B6ad5287B6552C1,0100000000000000000000007521006992130ebda85cb293b664c555180ca1fd,True,40940,2024-03-28T10:56:00Z,2024-07-17T00:54:42Z,2049250.0,2024-07-09T02:50:00Z,,,,,,
0x80b7e5e0352da2077b4a46bc89e293fee501c97559cd03e457688c4945ef3fe997643cd820e8b5b6a8ac802aaff17226,1636767,active_ongoing,2024-04-01T03:02:24Z,41766,1228451,2024-03-27T19:08:12Z,32000000000000000000,32002890678000000000,147507116000000000,0,147507116000000000,1.5736164,0x7fF0B7D8b99E4cD685355A786B6ad5287B6552C1,0100000000000000000000007521006992130ebda85cb293b664c555180ca1fd,True,40944,2024-03-28T11:21:36Z,2024-07-17T00:54:41Z,2049382.0,2024-07-09T03:16:24Z,,,,,,
0x80b8015a8b7629662a519ec5b6572f0dfd8d60da46e0709fb7d43baa9f9dd59ee0b034abeaed89fdd5125c509e10e022,1634952,active_ongoing,2024-03-31T02:49:36Z,41539,1228280,2024-03-27T18:30:12Z,32000000000000000000,32002863692000000000,145751779000000000,0,145751779000000000,1.5403557,0x7fF0B7D8b99E4cD685355A786B6ad5287B6552C1,0100000000000000000000007521006992130ebda85cb293b664c555180ca1fd,True,40940,2024-03-28T10:56:00Z,2024-07-17T00:54:41Z,2049268.0,2024-07-09T02:53:36Z,,,,,,
0x80b9a2c52cabac9839fa57be479e43bd77559fc02368b2dfc3efbb81914b38843828f3d7d3ce3ca8d586955fed8d38ce,1712771,withdrawal_done,2024-05-21T20:32:00Z,53180,1583210,2024-05-21T04:12:36Z,0,0,18764971000000000,0,18764971000000000,0.380914,0x8aaF2aE7E8c83FeF13195F7CB07D5Eb891Ed2c0C,0100000000000000000000004b3c8411626b59f306bef6bc645b4ce63bd425ae,True,53162,2024-05-21T18:36:48Z,2024-07-17T00:54:41Z,,,,2024-06-05T17:13:36Z,56524.0,True,,
0x80bae69a18993d8ccf2be7d428ff97ee96bdcd89bebdc3c16c91468d7f0087e5566f24092a1148ba48a468cf8560a09c,1635471,active_ongoing,2024-03-31T09:45:36Z,41604,1228339,2024-03-27T18:43:12Z,32000000000000000000,32002883704000000000,198427873000000000,7543016521800228,205970889521800228,2.1826143,0x7fF0B7D8b99E4cD685355A786B6ad5287B6552C1,0100000000000000000000007521006992130ebda85cb293b664c555180ca1fd,True,40942,2024-03-28T11:08:48Z,2024-07-17T00:54:41Z,2049301.0,2024-07-09T03:00:12Z,0x1268AD189526AC0b386faF06eFfC46779c340eE6,,,,,
0x80bcac32f38f1be2e7334fad2f47a69053428b07d25bc3d70a446786a156591ade20f84c4ece546b0c2bfb60f1cf8bb2,1636244,active_ongoing,2024-03-31T20:06:24Z,41701,1228410,2024-03-27T18:58:48Z,32000000000000000000,32002915350000000000,144113125000000000,0,144113125000000000,1.5332663,0x7fF0B7D8b99E4cD685355A786B6ad5287B6552C1,0100000000000000000000007521006992130ebda85cb293b664c555180ca1fd,True,40943,2024-03-28T11:15:12Z,2024-07-17T00:54:42Z,2049349.0,2024-07-09T03:09:48Z,,,,,,
0x80be370b3edf0a982a99e505bd543b95cd9d8210d6400b20343c381dabf236f39d47b8191bdb46594ad666e3b3a69974,1638618,active_ongoing,2024-04-02T03:47:12Z,41998,1228626,2024-03-27T19:45:48Z,32000000000000000000,32002843128000000000,199232711000000000,1239274000000000,200471985000000000,2.159475,0x7fF0B7D8b99E4cD685355A786B6ad5287B6552C1,0100000000000000000000007521006992130ebda85cb293b664c555180ca1fd,True,40949,2024-03-28T11:53:36Z,2024-07-17T00:54:43Z,2049497.0,2024-07-09T03:39:24Z,0x7521006992130EBda85cb293B664C555180CA1Fd,,,,,
0x80bf603b4cf17b0403d2e14f79880d23e1e456539a021d0cd1a6d55a75df156dd80ecfc5117c7a3add419d809cfa1149,1634204,active_ongoing,2024-03-30T16:54:24Z,41446,1228209,2024-03-27T18:15:00Z,32000000000000000000,32002951162000000000,149828606000000000,0,149828606000000000,1.5774,0x7fF0B7D8b99E4cD685355A786B6ad5287B6552C1,0100000000000000000000007521006992130ebda85cb293b664c555180ca1fd,True,40939,2024-03-28T10:49:36Z,2024-07-17T00:54:43Z,2049222.0,2024-07-09T02:44:24Z,,,,,,
0x80bfea059f270ea58826ca45950bb8c72db22cfe89e228112eda7ffde5c28ddbc55b2fe57d2317cf2b58ccc95d2e7361,1634925,active_ongoing,2024-03-31T02:30:24Z,41536,1228280,2024-03-27T18:30:12Z,32000000000000000000,32002931620000000000,146272378000000000,0,146272378000000000,1.5456666,0x7fF0B7D8b99E4cD685355A786B6ad5287B6552C1,0100000000000000000000007521006992130ebda85cb293b664c555180ca1fd,True,40940,2024-03-28T10:56:00Z,2024-07-17T00:54:41Z,2049267.0,2024-07-09T02:53:24Z,,,,,,
0x80c00473638aadc47d43da67fcaa689083204cb820f0a5666847989ea99bd9dadbda2d6e818f71692762ebae5d5e6f52,1636642,active_ongoing,2024-04-01T01:26:24Z,41751,1228437,2024-03-27T19:05:00Z,32000000000000000000,32002849569000000000,253841808000000000,5343475518170600,259185283518170600,2.7632842,0x7fF0B7D8b99E4cD685355A786B6ad5287B6552C1,0100000000000000000000007521006992130ebda85cb293b664c555180ca1fd,True,40944,2024-03-28T11:21:36Z,2024-07-17T00:54:43Z,2049374.0,2024-07-09T03:14:48Z,0x7521006992130EBda85cb293B664C555180CA1Fd,,,,,
0x80c27c5536a6fba0078ea4f9adb2768fb7cb9f65159b655498b5de5905ad7f01c0899a2cbf9e60cacfb6054dad21aad4,1634125,active_ongoing,2024-03-30T15:50:24Z,41436,1228209,2024-03-27T18:15:00Z,32000000000000000000,32002903622000000000,149765682000000000,0,149765682000000000,1.5760909,0x7fF0B7D8b99E4cD685355A786B6ad5287B6552C1,0100000000000000000000007521006992130ebda85cb293b664c555180ca1fd,True,40938,2024-03-28T10:43:12Z,2024-07-17T00:54:42Z,2049217.0,2024-07-09T02:43:24Z,,,,,,
0x80c3dd4f1c8c4bfb4c215db2f7423aa3d188f12de3e4008e2f8e0ab5125d8768ef6fd2d52ff2ca394c32a17e2ae5d582,1633869,active_ongoing,2024-03-30T12:25:36Z,41404,1228181,2024-03-27T18:08:48Z,32000000000000000000,32002932812000000000,202857359000000000,6341941708202485,209199300708202485,2.1986682,0x7fF0B7D8b99E4cD685355A786B6ad5287B6552C1,0100000000000000000000007521006992130ebda85cb293b664c555180ca1fd,True,40938,2024-03-28T10:43:12Z,2024-07-17T00:54:41Z,2049201.0,2024-07-09T02:40:12Z,0x7521006992130EBda85cb293B664C555180CA1Fd,,,,,
0x80c5bbdfa8e62141646ec3bcbbc682c07983610fccb7ed3a3b9c877b62ebfb9a648e9cb5cfa13107aaa785e2a5179472,1636401,active_ongoing,2024-03-31T22:08:00Z,41720,1228424,2024-03-27T19:02:12Z,32000000000000000000,32002875495000000000,147756550000000000,0,147756550000000000,1.5732691,0x7fF0B7D8b99E4cD685355A786B6ad5287B6552C1,0100000000000000000000007521006992130ebda85cb293b664c555180ca1fd,True,40944,2024-03-28T11:21:36Z,2024-07-17T00:54:43Z,2049359.0,2024-07-09T03:11:48Z,,,,,,
0x80c663d7217e8825ce90bed4d885377c258d14ed4fca04e020fd1a12a76513e321a2552f776a413f64af755dc59dc0e0,1555848,withdrawal_done,2024-01-12T10:11:12Z,23833,716461,2024-01-11T16:32:48Z,0,0,5527718000000000,0,5527718000000000,0.033785205,0xaA7DaD8f681cDAf1CCD48E939041d43bB409255a,010000000000000000000000aa7dad8f681cdaf1ccd48e939041d43bb409255a,True,23783,2024-01-12T04:51:12Z,2024-07-17T00:54:41Z,,,,2024-01-16T09:58:24Z,24731.0,True,,
0x80c71b2536755205f37af1e0c6b0d3c8315a29ddb1453737b750f23233aee6c99e768c41f4610bb0e4041de070032c41,1637246,active_ongoing,2024-04-01T09:26:24Z,41826,1228497,2024-03-27T19:18:00Z,32000000000000000000,32002875483000000000,337226964000000000,0,337226964000000000,3.6065564,0x7fF0B7D8b99E4cD685355A786B6ad5287B6552C1,0100000000000000000000007521006992130ebda85cb293b664c555180ca1fd,True,40946,2024-03-28T11:34:24Z,2024-07-17T00:54:41Z,2049412.0,2024-07-09T03:22:24Z,,,,,,
0x80c8578e33fe7ec8e7baded863d0775f3ff5ba7ce97d351e0abd51a076fd5275459fbe460ae842f9409e1ce77e7dd196,1638449,active_ongoing,2024-04-02T01:26:24Z,41976,1228612,2024-03-27T19:42:36Z,32000000000000000000,32002879395000000000,195713926000000000,18198819961462672,213912745961462672,2.3021324,0x7fF0B7D8b99E4cD685355A786B6ad5287B6552C1,0100000000000000000000007521006992130ebda85cb293b664c555180ca1fd,True,40948,2024-03-28T11:47:12Z,2024-07-17T00:54:42Z,2049487.0,2024-07-09T03:37:24Z,0x7521006992130EBda85cb293B664C555180CA1Fd,,,,,
0x80d3e55ef4e292fb49ed0a11391bb5a98bf26c4128811a09eb597d4e231b57677e7b028d96e4abb652c6a35117f31a60,1631830,active_ongoing,2024-03-29T09:13:36Z,41149,1227490,2024-03-27T15:42:00Z,32000000000000000000,32002903213000000000,151979960000000000,0,151979960000000000,1.5807897,0x7fF0B7D8b99E4cD685355A786B6ad5287B6552C1,0100000000000000000000007521006992130ebda85cb293b664c555180ca1fd,True,40933,2024-03-28T10:11:12Z,2024-07-17T00:54:43Z,2049074.0,2024-07-09T02:14:48Z,,,,,,
0x80d4804ec5d801ef3a200c500cd407e78bccf3d4080a44737a96681028940102b2aae1aa2a3a4b296d27579d1d551132,1638422,active_ongoing,2024-04-02T01:07:12Z,41973,1228612,2024-03-27T19:42:36Z,32000000000000000000,32002887763000000000,146380569000000000,0,146380569000000000,1.5751519,0x7fF0B7D8b99E4cD685355A786B6ad5287B6552C1,0100000000000000000000007521006992130ebda85cb293b664c555180ca1fd,True,40948,2024-03-28T11:47:12Z,2024-07-17T00:54:43Z,2049485.0,2024-07-09T03:37:00Z,,,,,,
0x80d90955036468470eb0083df7e6fdc17b71bb69997ae6daf9f7959c04b90a7fe5fafeaa2718eb6ce1b2c7fdc18b67f4,1634899,active_ongoing,2024-03-31T02:11:12Z,41533,1228280,2024-03-27T18:30:12Z,32000000000000000000,32002910978000000000,145998483000000000,0,145998483000000000,1.5425818,0x7fF0B7D8b99E4cD685355A786B6ad5287B6552C1,0100000000000000000000007521006992130ebda85cb293b664c555180ca1fd,True,40940,2024-03-28T10:56:00Z,2024-07-17T00:54:42Z,2049265.0,2024-07-09T02:53:00Z,,,,,,
0x80dae581bfce90ba7dc18666660315518f82beb9d1ec4dac0638a10b0bdd732d42a57a918e547adc30f6b59e10a951bb,1635342,active_ongoing,2024-03-31T08:03:12Z,41588,1228325,2024-03-27T18:40:24Z,32000000000000000000,32002880843000000000,145158249000000000,0,145158249000000000,1.5371847,0x7fF0B7D8b99E4cD685355A786B6ad5287B6552C1,0100000000000000000000007521006992130ebda85cb293b664c555180ca1fd,True,40941,2024-03-28T11:02:24Z,2024-07-17T00:54:41Z,2049293.0,2024-07-09T02:58:36Z,,,,,,
0x80dc532ba255892d219549517991df06c86f82fda1eb9459213c0acedc9992a3ed1b8e8835b1c61da33efa78815c2b97,1636216,active_ongoing,2024-03-31T19:40:48Z,41697,1228410,2024-03-27T18:58:48Z,32000000000000000000,32002845152000000000,198959441000000000,3461102942743284,202420543942743284,2.1532607,0x7fF0B7D8b99E4cD685355A786B6ad5287B6552C1,0100000000000000000000007521006992130ebda85cb293b664c555180ca1fd,True,40943,2024-03-28T11:15:12Z,2024-07-17T00:54:42Z,2049347.0,2024-07-09T03:09:24Z,0x1268AD189526AC0b386faF06eFfC46779c340eE6,,,,,
0x80dc5390f6fd1fb2e5b3d4ab0656652f93f8cc6d12734abba2ffea213ac2e9f03c925ab05a7c7d896beb7cd1bf0ed7e9,1696391,active_ongoing,2024-05-04T06:01:36Z,49219,1415715,2024-04-25T09:50:00Z,32000000000000000000,32002447067000000000,203819424000000000,6465744754053200,210285168754053200,3.2503054,0xff9E47B2EBc22eFA1c680dcd2935872467E5625E,010000000000000000000000f0179dec45a37423ead4fad5fcb136197872ead9,True,47396,2024-04-26T03:34:24Z,2024-07-17T00:54:41Z,2017580.0,2024-07-04T17:16:00Z,0xE73a3602b99f1f913e72F8bdcBC235e206794Ac8,,,,,
0x80df0dc4b8767fdfca2b66c2231c96559111690abe4884b83823fcce08ed4a5e982934a374039d93419a8de10a64ceab,1636624,active_ongoing,2024-04-01T01:07:12Z,41748,1228437,2024-03-27T19:05:00Z,32000000000000000000,32002915886000000000,201209805000000000,2925666815674147,204135471815674147,2.1761036,0x7fF0B7D8b99E4cD685355A786B6ad5287B6552C1,0100000000000000000000007521006992130ebda85cb293b664c555180ca1fd,True,40944,2024-03-28T11:21:36Z,2024-07-17T00:54:43Z,2049373.0,2024-07-09T03:14:36Z,0x7521006992130EBda85cb293B664C555180CA1Fd,,,,,
0x80dfbc5f1083feda0b0a6824c419fce2630267a2508cdf5e80b5656cad747ef404c70061a44762ae466ad50b55b2a8b4,1637170,active_ongoing,2024-04-01T08:28:48Z,41817,1228497,2024-03-27T19:18:00Z,32000000000000000000,32002890948000000000,195146663000000000,12729068000049187,207875731000049187,2.2223444,0x7fF0B7D8b99E4cD685355A786B6ad5287B6552C1,0100000000000000000000007521006992130ebda85cb293b664c555180ca1fd,True,40945,2024-03-28T11:28:00Z,2024-07-17T00:54:42Z,2049407.0,2024-07-09T03:21:24Z,0x1268AD189526AC0b386faF06eFfC46779c340eE6,,,,,
0x80e1dfe40ade0844f14baebe4212d005389dd42c57d05e30aa55306a006e07fc2073bcdbcd1dd973760cbd6919c5ce50,1637923,active_ongoing,2024-04-01T18:30:24Z,41911,1228567,2024-03-27T19:33:12Z,32000000000000000000,32002880385000000000,197560243000000000,11153629995182540,208713872995182540,2.2400763,0x7fF0B7D8b99E4cD685355A786B6ad5287B6552C1,0100000000000000000000007521006992130ebda85cb293b664c555180ca1fd,True,40947,2024-03-28T11:40:48Z,2024-07-17T00:54:41Z,2049454.0,2024-07-09T03:30:48Z,0x7521006992130EBda85cb293B664C555180CA1Fd,,,,,
0x80e27c240ab73e67e29dd0fc8144af8833b97da7594827d84585ffc24e2b772f7624e1d3d5d0f5dc33c06128b815b9f3,1634620,active_ongoing,2024-03-30T22:27:12Z,41498,1228253,2024-03-27T18:24:12Z,32000000000000000000,32002936536000000000,203139056000000000,2613987824851000,205753043824851000,2.1708047,0x7fF0B7D8b99E4cD685355A786B6ad5287B6552C1,0100000000000000000000007521006992130ebda85cb293b664c555180ca1fd,True,40940,2024-03-28T10:56:00Z,2024-07-17T00:54:41Z,2049248.0,2024-07-09T02:49:36Z,0x7521006992130EBda85cb293B664C555180CA1Fd,,,,,
0x80e2edd49a9820761838599f298a5c0c6c46a811c19889938acb3c48c320f3581e80cce7fad28f57c41d5e7c1daf6b5c,1636381,active_ongoing,2024-03-31T21:55:12Z,41718,1228424,2024-03-27T19:02:12Z,32000000000000000000,32002895843000000000,200102876000000000,2349950250000000,202452826250000000,2.1554804,0x7fF0B7D8b99E4cD685355A786B6ad5287B6552C1,0100000000000000000000007521006992130ebda85cb293b664c555180ca1fd,True,40944,2024-03-28T11:21:36Z,2024-07-17T00:54:41Z,2049358.0,2024-07-09T03:11:36Z,0x7521006992130EBda85cb293B664C555180CA1Fd,,,,,
0x80e34524de581051c3b4e09d50e67394880fcd4932a8b085e38b625dd6597ed874ce7012bbd17c328a5776e6e919103a,1639031,active_ongoing,2024-04-02T09:13:36Z,42049,1228670,2024-03-27T19:55:24Z,32000000000000000000,32002835620000000000,145468246000000000,0,145468246000000000,1.5703387,0x7fF0B7D8b99E4cD685355A786B6ad5287B6552C1,0100000000000000000000007521006992130ebda85cb293b664c555180ca1fd,True,40950,2024-03-28T12:00:00Z,2024-07-17T00:54:43Z,2049523.0,2024-07-09T03:44:36Z,,,,,,
0x80e40d5d3047e2da5c81ed1cb14b82bf3e533e65807af6394f54f820d55f0c35830f56a8bfab5bbbebfc00edcf10ce7a,1635279,active_ongoing,2024-03-31T07:12:00Z,41580,1228313,2024-03-27T18:37:12Z,32000000000000000000,32002904765000000000,195043759000000000,3258678667981000,198302437667981000,2.0992737,0x7fF0B7D8b99E4cD685355A786B6ad5287B6552C1,0100000000000000000000007521006992130ebda85cb293b664c555180ca1fd,True,40941,2024-03-28T11:02:24Z,2024-07-17T00:54:41Z,2049289.0,2024-07-09T02:57:48Z,0x1268AD189526AC0b386faF06eFfC46779c340eE6,,,,,
0x80e9da269c48172af139156b770cfb826cbb5f51ca61462c79f17797b1b3e5177619d8c9ced7e4010ae9edd301245401,1635427,active_ongoing,2024-03-31T09:13:36Z,41599,1228325,2024-03-27T18:40:24Z,32000000000000000000,32002911474000000000,196742223000000000,1773236768466000,198515459768466000,2.103177,0x7fF0B7D8b99E4cD685355A786B6ad5287B6552C1,0100000000000000000000007521006992130ebda85cb293b664c555180ca1fd,True,40941,2024-03-28T11:02:24Z,2024-07-17T00:54:43Z,2049298.0,2024-07-09T02:59:36Z,0x1268AD189526AC0b386faF06eFfC46779c340eE6,,,,,
0x80eb9ebe3786c57ee95fcc870462a9ea89d68006557c8353e5d8b68898db06f99e97085b87559a66e334b34ef6ce605f,1632033,active_ongoing,2024-03-29T12:00:00Z,41175,1227543,2024-03-27T15:52:36Z,32000000000000000000,32002920982000000000,151874601000000000,0,151874601000000000,1.5813602,0x7fF0B7D8b99E4cD685355A786B6ad5287B6552C1,0100000000000000000000007521006992130ebda85cb293b664c555180ca1fd,True,40934,2024-03-28T10:17:36Z,2024-07-17T00:54:42Z,2049086.0,2024-07-09T02:17:12Z,,,,,,
0x80ed181dd221293239fd1c78af63e9dfa6637c4110738d40e5f5d9fdef189cbfe283b37956ff0ff39df7ed0197325dc8,1692454,active_ongoing,2024-05-02T01:32:48Z,48727,1389103,2024-04-21T07:32:48Z,32000000000000000000,32002514443000000000,100728808000000000,0,100728808000000000,1.5121238,0xff9E47B2EBc22eFA1c680dcd2935872467E5625E,010000000000000000000000f0179dec45a37423ead4fad5fcb136197872ead9,True,46436,2024-04-21T21:10:24Z,2024-07-17T00:54:43Z,2017375.0,2024-07-04T16:35:00Z,,,,,,
0x80f15010e6b6e8a76af96496e41f2b977b732bfb08ecbab0629bab0f962857783ae829898bf62336fa315b5347dc3f7e,1634949,active_ongoing,2024-03-31T02:49:36Z,41539,1228280,2024-03-27T18:30:12Z,32000000000000000000,32002915742000000000,145558856000000000,0,145558856000000000,1.5383167,0x7fF0B7D8b99E4cD685355A786B6ad5287B6552C1,0100000000000000000000007521006992130ebda85cb293b664c555180ca1fd,True,40940,2024-03-28T10:56:00Z,2024-07-17T00:54:41Z,2049268.0,2024-07-09T02:53:36Z,,,,,,
0x80f1a32cc0ced82066447323388024a5e1eaf565e2a4c5e3cfb5d727326194d3b471a2d35fb1a5ccf984f726a846aca6,1638115,active_ongoing,2024-04-01T21:04:00Z,41935,1228582,2024-03-27T19:36:24Z,32000000000000000000,32002900351000000000,146169342000000000,0,146169342000000000,1.5703769,0x7fF0B7D8b99E4cD685355A786B6ad5287B6552C1,0100000000000000000000007521006992130ebda85cb293b664c555180ca1fd,True,40948,2024-03-28T11:47:12Z,2024-07-17T00:54:42Z,2049466.0,2024-07-09T03:33:12Z,,,,,,
0x80f915e985a4cce826f8de1678ee4d2fe04fbad5f918384ff769ae434bcf1a54cb1b6ffd17454b7a6563078d5611372f,1637535,active_ongoing,2024-04-01T13:16:48Z,41862,1228525,2024-03-27T19:24:00Z,32000000000000000000,32002862734000000000,146679601000000000,0,146679601000000000,1.5710578,0x7fF0B7D8b99E4cD685355A786B6ad5287B6552C1,0100000000000000000000007521006992130ebda85cb293b664c555180ca1fd,True,40946,2024-03-28T11:34:24Z,2024-07-17T00:54:42Z,2049430.0,2024-07-09T03:26:00Z,,,,,,
0x80f990b8a88f2555ade453e6c183e3f7dc21aafd035390c3805ed8dc9c876ee891cf6fc992aead392ae1e6ebe6ad2e75,1639583,active_ongoing,2024-04-02T16:35:12Z,42118,1230536,2024-03-28T02:47:12Z,32000000000000000000,32002824914000000000,145544312000000000,0,145544312000000000,1.5757332,0x7a5F059b59E3698BdA318fBb5d9c4838F23eaae6,010000000000000000000000fc1f7e52e954e3c570b4bfaaf61f3029f36006ad,True,40996,2024-03-28T16:54:24Z,2024-07-17T00:54:42Z,2049549.0,2024-07-09T03:49:48Z,,,,,,
0x80fd09cf521349c71dc475802806f232d04a93404503bc3a440ed903cf0ac8f64f04c6092feb210ff08b37a2d6cc2cab,1539494,withdrawal_done,2023-12-21T00:22:24Z,18791,563161,2023-12-20T07:20:36Z,0,0,1448653000000000,0,1448653000000000,0.007904917,0xe3A46839EF854Fd142B1FC5BD81Eaad6e5173BA4,010000000000000000000000e3a46839ef854fd142b1fc5bd81eaad6e5173ba4,True,18785,2023-12-20T23:44:00Z,2024-07-17T00:54:43Z,,,,2024-01-03T08:03:12Z,21788.0,True,,
0x80fd6475650e82eb05f5b7fdbcff04d4db858f6fb76ea90de45215f6e5497e94042dbdb021d17f31074139fff15d26a0,1637233,active_ongoing,2024-04-01T09:13:36Z,41824,1228497,2024-03-27T19:18:00Z,32000000000000000000,32002894824000000000,144036724000000000,0,144036724000000000,1.5403076,0x7fF0B7D8b99E4cD685355A786B6ad5287B6552C1,0100000000000000000000007521006992130ebda85cb293b664c555180ca1fd,True,40945,2024-03-28T11:28:00Z,2024-07-17T00:54:41Z,2049411.0,2024-07-09T03:22:12Z,,,,,,
0x80fec97eb6be12f5e5808e6d31b84f516fc2d5b73515ac94228ec0fe19e992af7948a8f79bc5044318a93ac3c21f7ff6,1635588,active_ongoing,2024-03-31T11:21:36Z,41619,1228339,2024-03-27T18:43:12Z,32000000000000000000,32002855348000000000,149068211000000000,0,149068211000000000,1.580612,0x7fF0B7D8b99E4cD685355A786B6ad5287B6552C1,0100000000000000000000007521006992130ebda85cb293b664c555180ca1fd,True,40942,2024-03-28T11:08:48Z,2024-07-17T00:54:42Z,2049308.0,2024-07-09T03:01:36Z,,,,,,
0x8102507c100a19e1aab480c424d4b128d6ed0cf387d6ec629fd510736ca64bff528c9aa328bd02ce82d7d3f781282efb,1636350,active_ongoing,2024-03-31T21:29:36Z,41714,1228410,2024-03-27T18:58:48Z,32000000000000000000,32002837135000000000,196922786000000000,5264916000000000,202187702000000000,2.1523006,0x7fF0B7D8b99E4cD685355A786B6ad5287B6552C1,0100000000000000000000007521006992130ebda85cb293b664c555180ca1fd,True,40943,2024-03-28T11:15:12Z,2024-07-17T00:54:43Z,2049356.0,2024-07-09T03:11:12Z,0x1268AD189526AC0b386faF06eFfC46779c340eE6,,,,,
0x810278ad41417ce8f86969c33e7965e7b178d97c811a0135a9617a02ab0260ba31a533640785088dbae9c10463c44002,1754318,active_ongoing,2024-07-14T17:52:00Z,65305,1905422,2024-07-11T08:38:12Z,32000000000000000000,32002217468000000000,3122836000000000,0,3122836000000000,1.5475214,0x97cb632C0663bC26EECA869ab6bBF76340d9e909,01000000000000000000000097cb632c0663bc26eeca869ab6bbf76340d9e909,True,64675,2024-07-11T22:40:00Z,2024-07-17T00:54:43Z,2018922.0,2024-07-04T21:44:24Z,,,,,,
0x8103ea4de646fa7b65854f50ec987dfcc5756e8ccecf52d421c4c9a8c5f0790cef0ba73503d0ca709bfdded07c0e18f8,1696575,active_ongoing,2024-05-04T08:28:48Z,49242,1415726,2024-04-25T09:52:12Z,32000000000000000000,32002478211000000000,150093097000000000,1109567368632000,151202664368632000,2.3403294,0xff9E47B2EBc22eFA1c680dcd2935872467E5625E,010000000000000000000000f0179dec45a37423ead4fad5fcb136197872ead9,True,47396,2024-04-26T03:34:24Z,2024-07-17T00:54:43Z,2017591.0,2024-07-04T17:18:12Z,0xE73a3602b99f1f913e72F8bdcBC235e206794Ac8,,,,,
0x81047b1766ef614459dbf4a6bd1a1669699eb30dbd1cabeaeabba721a708242a6736b995dbb6f155e29fd658fc3bb881,1633687,active_ongoing,2024-03-30T09:58:24Z,41381,1228137,2024-03-27T17:59:00Z,32000000000000000000,32002903489000000000,203017432000000000,36176010000000000,239193442000000000,2.5115387,0x7fF0B7D8b99E4cD685355A786B6ad5287B6552C1,0100000000000000000000007521006992130ebda85cb293b664c555180ca1fd,True,40938,2024-03-28T10:43:12Z,2024-07-17T00:54:43Z,2049189.0,2024-07-09T02:37:48Z,0x7521006992130EBda85cb293B664C555180CA1Fd,,,,,
0x810b9267e7f7988d8b8419fc83d75c13df94949d652fa2d91dcd027c469701a4d81762639ae87bcc12751ea1b339b6f1,1634345,active_ongoing,2024-03-30T18:43:12Z,41463,1228222,2024-03-27T18:17:48Z,32000000000000000000,32002914208000000000,202691279000000000,5384363399606592,208075642399606592,2.1921554,0x7fF0B7D8b99E4cD685355A786B6ad5287B6552C1,0100000000000000000000007521006992130ebda85cb293b664c555180ca1fd,True,40939,2024-03-28T10:49:36Z,2024-07-17T00:54:41Z,2049231.0,2024-07-09T02:46:12Z,0x7521006992130EBda85cb293B664C555180CA1Fd,,,,,
0x810cdc0ba96beeed6a18fd6f1ba790e17101eb7531237df497abcb7425ffcffc84d89f46d2929c2ef62e0be25657eee9,1635516,active_ongoing,2024-03-31T10:24:00Z,41610,1228339,2024-03-27T18:43:12Z,32000000000000000000,32002921439000000000,199084411000000000,703301069710733,199787712069710733,2.1176176,0x7fF0B7D8b99E4cD685355A786B6ad5287B6552C1,0100000000000000000000007521006992130ebda85cb293b664c555180ca1fd,True,40942,2024-03-28T11:08:48Z,2024-07-17T00:54:41Z,2049304.0,2024-07-09T03:00:48Z,0x1268AD189526AC0b386faF06eFfC46779c340eE6,,,,,
0x811281e260b4a26408e1dceb71e4b2353a055b03f768c5beaabc98d203aad6049880682ef09ea12df1fc2cd02ed3aa39,1637472,active_ongoing,2024-04-01T12:25:36Z,41854,1228525,2024-03-27T19:24:00Z,32000000000000000000,32002845073000000000,147195075000000000,0,147195075000000000,1.5760528,0x7fF0B7D8b99E4cD685355A786B6ad5287B6552C1,0100000000000000000000007521006992130ebda85cb293b664c555180ca1fd,True,40946,2024-03-28T11:34:24Z,2024-07-17T00:54:42Z,2049426.0,2024-07-09T03:25:12Z,,,,,,
0x8112f5a3c8d2deebbc7c3e5ab4aca28503e527867efc48459d929656f45df7228207871c4ffd41c8423b9fa76070924c,1633988,active_ongoing,2024-03-30T14:01:36Z,41419,1228196,2024-03-27T18:12:12Z,32000000000000000000,32002916207000000000,252433583000000000,4257595773024110,256691178773024110,2.6994624,0x7fF0B7D8b99E4cD685355A786B6ad5287B6552C1,0100000000000000000000007521006992130ebda85cb293b664c555180ca1fd,True,40938,2024-03-28T10:43:12Z,2024-07-17T00:54:41Z,2049208.0,2024-07-09T02:41:36Z,0x7521006992130EBda85cb293B664C555180CA1Fd,,,,,
0x8112fec1dfddb65c884e3b579f0e215ebdd1cae0729a58f795937abb426db1f18204aef12a4ff4b819539bbd7c96b41d,1696405,active_ongoing,2024-05-04T06:14:24Z,49221,1415715,2024-04-25T09:50:00Z,32000000000000000000,32002482931000000000,97926314000000000,0,97926314000000000,1.5137957,0xff9E47B2EBc22eFA1c680dcd2935872467E5625E,010000000000000000000000f0179dec45a37423ead4fad5fcb136197872ead9,True,47396,2024-04-26T03:34:24Z,2024-07-17T00:54:43Z,2017580.0,2024-07-04T17:16:00Z,,,,,,
0x811409abbb951936b030279f10b8a6244abbaa883e641b6b017f5dfd0f7ac7434a794cf6b870496bf8698b9a55f0b583,1637730,active_ongoing,2024-04-01T15:56:48Z,41887,1228539,2024-03-27T19:27:00Z,32000000000000000000,32002883153000000000,146777008000000000,0,146777008000000000,1.5737431,0x7fF0B7D8b99E4cD685355A786B6ad5287B6552C1,0100000000000000000000007521006992130ebda85cb293b664c555180ca1fd,True,40947,2024-03-28T11:40:48Z,2024-07-17T00:54:41Z,2049442.0,2024-07-09T03:28:24Z,,,,,,
0x81145237daff07fff9bb07e3b09e26bd32a4ec04237a9d60363dc3f3d10b0a58934561fe949361844db648b9413149c9,1551844,withdrawal_done,2024-01-03T16:16:00Z,21865,657379,2024-01-02T21:57:48Z,0,0,1708081000000000,0,1708081000000000,0.009972339,0x8e84D36F880a861953f958Bb6E514CB4d1040d5B,0100000000000000000000008e84d36f880a861953f958bb6e514cb4d1040d5b,True,21859,2024-01-03T15:37:36Z,2024-07-17T00:54:42Z,,,,2024-01-04T20:32:00Z,22130.0,True,,
0x811477397f921582daaaf19db908673dcd228cd2ac5fbf726a12b85e9e1cee286dbf836845c08bbeeb8ec9ccf8e95efc,1690066,active_ongoing,2024-04-30T17:45:36Z,48429,1373194,2024-04-18T20:56:48Z,32000000000000000000,32002590721000000000,102954180000000000,0,102954180000000000,1.519052,0xff9E47B2EBc22eFA1c680dcd2935872467E5625E,010000000000000000000000f0179dec45a37423ead4fad5fcb136197872ead9,True,45925,2024-04-19T14:40:00Z,2024-07-17T00:54:42Z,2017239.0,2024-07-04T16:07:48Z,,,,,,
0x811586a003d3da78c952f82f455836bc7ca5e76d45ac1e63d888cbe937b23c9fa246d0ad66b17283ca78ac9bfbb21801,1692420,active_ongoing,2024-05-02T01:00:48Z,48722,1385876,2024-04-20T19:39:48Z,32000000000000000000,32002498542000000000,101130294000000000,0,101130294000000000,1.517707,0xff9E47B2EBc22eFA1c680dcd2935872467E5625E,010000000000000000000000f0179dec45a37423ead4fad5fcb136197872ead9,True,46309,2024-04-21T07:37:36Z,2024-07-17T00:54:43Z,2017373.0,2024-07-04T16:34:36Z,,,,,,
0x811754a9d4ca413b634703e8e99b51e71ac5a52ba3fbd16437ace8d7608a562686b6e01d13e914b364f0659dae58055a,1637314,active_ongoing,2024-04-01T10:24:00Z,41835,1228512,2024-03-27T19:21:00Z,32000000000000000000,32002877987000000000,143380783000000000,0,143380783000000000,1.5339962,0x7fF0B7D8b99E4cD685355A786B6ad5287B6552C1,0100000000000000000000007521006992130ebda85cb293b664c555180ca1fd,True,40946,2024-03-28T11:34:24Z,2024-07-17T00:54:43Z,2049416.0,2024-07-09T03:23:12Z,,,,,,
0x81179789ef6fbb89e95503e3023246142630ebac6b19148a9b2d25c497cdf741e5a5ab45ef23fc1b08f9c4471db002e4,1639098,active_ongoing,2024-04-02T10:11:12Z,42058,1228670,2024-03-27T19:55:24Z,32000000000000000000,32002910810000000000,198597425000000000,4930890089690995,203528315089690995,2.197933,0x7fF0B7D8b99E4cD685355A786B6ad5287B6552C1,0100000000000000000000007521006992130ebda85cb293b664c555180ca1fd,True,40950,2024-03-28T12:00:00Z,2024-07-17T00:54:43Z,2049527.0,2024-07-09T03:45:24Z,0x7521006992130EBda85cb293B664C555180CA1Fd,,,,,
0x8117d0ab994ea54ab3063b1006234c3f7cb352bc1392a271d1f7b5faf313f3bdbc44a155decbdd7f1bc3d6288a301e4f,1635037,active_ongoing,2024-03-31T04:00:00Z,41550,1228297,2024-03-27T18:33:36Z,32000000000000000000,32002882360000000000,253405213000000000,40078845737048067,293484058737048067,3.1030476,0x7fF0B7D8b99E4cD685355A786B6ad5287B6552C1,0100000000000000000000007521006992130ebda85cb293b664c555180ca1fd,True,40941,2024-03-28T11:02:24Z,2024-07-17T00:54:43Z,2049274.0,2024-07-09T02:54:48Z,0x1268AD189526AC0b386faF06eFfC46779c340eE6,,,,,
0x811b93414cf5386d9a72899ed60a6084f2b6db551bcc94a1ddbe00055f028b16812277e07e5f96f3f6c9a132f819eb81,1634033,active_ongoing,2024-03-30T14:33:36Z,41424,1228196,2024-03-27T18:12:12Z,32000000000000000000,32002908014000000000,198745371000000000,4376783227372000,203122154227372000,2.1365478,0x7fF0B7D8b99E4cD685355A786B6ad5287B6552C1,0100000000000000000000007521006992130ebda85cb293b664c555180ca1fd,True,40938,2024-03-28T10:43:12Z,2024-07-17T00:54:42Z,2049211.0,2024-07-09T02:42:12Z,0x7521006992130EBda85cb293B664C555180CA1Fd,,,,,
0x811c819087bdab91458f0fdff39940279f533ea837433e7c1015feb4874f35a2c1bbc603433d0742fdcfa854827aa8cd,1635380,active_ongoing,2024-03-31T08:35:12Z,41593,1228325,2024-03-27T18:40:24Z,32000000000000000000,32002905621000000000,145045184000000000,0,145045184000000000,1.5363044,0x7fF0B7D8b99E4cD685355A786B6ad5287B6552C1,0100000000000000000000007521006992130ebda85cb293b664c555180ca1fd,True,40941,2024-03-28T11:02:24Z,2024-07-17T00:54:43Z,2049295.0,2024-07-09T02:59:00Z,,,,,,
0x811ce3daaf93bc541511c8490f65f7911f6001b1bab796432a5e1bc02d3f9ba160219a1c175dcbbe3f4a4862ff0b57f6,1634158,active_ongoing,2024-03-30T16:16:00Z,41440,1228209,2024-03-27T18:15:00Z,32000000000000000000,32002928622000000000,254323780000000000,6618816809775903,260942596809775903,2.7465353,0x7fF0B7D8b99E4cD685355A786B6ad5287B6552C1,0100000000000000000000007521006992130ebda85cb293b664c555180ca1fd,True,40939,2024-03-28T10:49:36Z,2024-07-17T00:54:41Z,2049219.0,2024-07-09T02:43:48Z,0x7521006992130EBda85cb293B664C555180CA1Fd,,,,,
0x812018fcfd19e24f8adbb7b8869792bd1b98333d74e986bc0cfffb51c9ab2028458b5fc05a53b511ba6768e9be7954c7,1635773,active_ongoing,2024-03-31T13:48:48Z,41642,1228369,2024-03-27T18:49:36Z,32000000000000000000,32002912932000000000,144988383000000000,0,144988383000000000,1.5388147,0x7fF0B7D8b99E4cD685355A786B6ad5287B6552C1,0100000000000000000000007521006992130ebda85cb293b664c555180ca1fd,True,40942,2024-03-28T11:08:48Z,2024-07-17T00:54:41Z,2049320.0,2024-07-09T03:04:00Z,,,,,,
0x8120f371d4b0c9c62242d7f5cd41b5b78d989591182c2db9c126a0d56c6168216ca53f65a30968e57463b15a55fc3879,1635851,active_ongoing,2024-03-31T14:52:48Z,41652,1228369,2024-03-27T18:49:36Z,32000000000000000000,32002888467000000000,246830249000000000,10396152261051518,257226401261051518,2.7311673,0x7fF0B7D8b99E4cD685355A786B6ad5287B6552C1,0100000000000000000000007521006992130ebda85cb293b664c555180ca1fd,True,40942,2024-03-28T11:08:48Z,2024-07-17T00:54:42Z,2049324.0,2024-07-09T03:04:48Z,0x1268AD189526AC0b386faF06eFfC46779c340eE6,,,,,
0x81226764f3863ced2d87e0c032921f7eaaae26a7ded46b5ecd40d139de64b4d0891ac9e45f4c3f84c1e140a62872fab2,1637684,active_ongoing,2024-04-01T15:18:24Z,41881,1228539,2024-03-27T19:27:00Z,32000000000000000000,32002859063000000000,199678077000000000,35872664000000000,235550741000000000,2.5249422,0x7fF0B7D8b99E4cD685355A786B6ad5287B6552C1,0100000000000000000000007521006992130ebda85cb293b664c555180ca1fd,True,40947,2024-03-28T11:40:48Z,2024-07-17T00:54:43Z,2049439.0,2024-07-09T03:27:48Z,0x7521006992130EBda85cb293B664C555180CA1Fd,,,,,
0x812419581a75326efe222f04f60498bdca64204f8a43b6dfed67b375665e451ee18a092731ecf685b692f5d3b9280525,1637880,active_ongoing,2024-04-01T17:52:00Z,41905,1228555,2024-03-27T19:30:24Z,32000000000000000000,32002837651000000000,196806220000000000,6356174953332070,203162394953332070,2.1799467,0x7fF0B7D8b99E4cD685355A786B6ad5287B6552C1,0100000000000000000000007521006992130ebda85cb293b664c555180ca1fd,True,40947,2024-03-28T11:40:48Z,2024-07-17T00:54:41Z,2049451.0,2024-07-09T03:30:12Z,0x7521006992130EBda85cb293B664C555180CA1Fd,,,,,
0x81242095371ac68645547a3d65d9ef5c8f247d5faf8435c3c531cb10109fbf305ee62a2db79d006d352a91969d873611,1635386,active_ongoing,2024-03-31T08:41:36Z,41594,1228325,2024-03-27T18:40:24Z,32000000000000000000,32002907150000000000,198671291000000000,36187558673848170,234858849673848170,2.4877045,0x7fF0B7D8b99E4cD685355A786B6ad5287B6552C1,0100000000000000000000007521006992130ebda85cb293b664c555180ca1fd,True,40941,2024-03-28T11:02:24Z,2024-07-17T00:54:41Z,2049296.0,2024-07-09T02:59:12Z,0x1268AD189526AC0b386faF06eFfC46779c340eE6,,,,,
0x8124c4004a5efff187a33dc0d30207e758e992ee41fc182dcb712839742c78487b76f4c7d008892a0c433ca7828458fb,1637953,active_ongoing,2024-04-01T18:49:36Z,41914,1228567,2024-03-27T19:33:12Z,32000000000000000000,32002877323000000000,199502525000000000,5539667000000000,205042192000000000,2.2009451,0x7fF0B7D8b99E4cD685355A786B6ad5287B6552C1,0100000000000000000000007521006992130ebda85cb293b664c555180ca1fd,True,40947,2024-03-28T11:40:48Z,2024-07-17T00:54:43Z,2049456.0,2024-07-09T03:31:12Z,0x7521006992130EBda85cb293B664C555180CA1Fd,,,,,
0x8124f9127e9d6f4340151c1789f07ca43f1de172cebfb5ea65594136c2c668b97282defbfdf394f2a2a047092c8aae43,1636677,active_ongoing,2024-04-01T01:52:00Z,41755,1228451,2024-03-27T19:08:12Z,32000000000000000000,32002781231000000000,147228801000000000,0,147228801000000000,1.5699295,0x7fF0B7D8b99E4cD685355A786B6ad5287B6552C1,0100000000000000000000007521006992130ebda85cb293b664c555180ca1fd,True,40944,2024-03-28T11:21:36Z,2024-07-17T00:54:42Z,2049376.0,2024-07-09T03:15:12Z,,,,,,
0x8128b15818be81c169c0dfb4a57dfc2f0f513d74b235c85f68f2ae9bf365879db721f1eabb1f30e48f21770f0a703159,1637722,active_ongoing,2024-04-01T15:50:24Z,41886,1228539,2024-03-27T19:27:00Z,32000000000000000000,32002827151000000000,146708468000000000,0,146708468000000000,1.5729425,0x7fF0B7D8b99E4cD685355A786B6ad5287B6552C1,0100000000000000000000007521006992130ebda85cb293b664c555180ca1fd,True,40947,2024-03-28T11:40:48Z,2024-07-17T00:54:43Z,2049441.0,2024-07-09T03:28:12Z,,,,,,
0x8128f36ac005015091a691341b58b8c6ccacec7a2760647e02cd2b0044d872a0de905d56747811f6b8bd1eb1154f4571,1702082,active_ongoing,2024-05-07T09:32:48Z,49927,1488219,2024-05-06T08:14:36Z,32000000000000000000,32002414619000000000,92853329000000000,0,92853329000000000,1.4991256,0x3f009302978CC82C6dAF06AAc49B5716be79cCb9,0100000000000000000000003f009302978cc82c6daf06aac49b5716be79ccb9,True,49827,2024-05-06T22:52:48Z,2024-07-17T00:54:42Z,2017847.0,2024-07-04T18:09:24Z,,,,,,
0x812b7ce2d414b589b30113a19737141f2dc3b0e762d83b241f258f18f8c45ad3a392b6d36de382c9afec721e109dfc29,1636403,active_ongoing,2024-03-31T22:14:24Z,41721,1228424,2024-03-27T19:02:12Z,32000000000000000000,32002881094000000000,199421311000000000,4018863999684552,203440174999684552,2.1662621,0x7fF0B7D8b99E4cD685355A786B6ad5287B6552C1,0100000000000000000000007521006992130ebda85cb293b664c555180ca1fd,True,40944,2024-03-28T11:21:36Z,2024-07-17T00:54:41Z,2049359.0,2024-07-09T03:11:48Z,0x7521006992130EBda85cb293B664C555180CA1Fd,,,,,
0x812c103df2e57b51436b840e05a2cc5530847693ac9b75e2de0522c9adcfdd41d511da6882f6c6e9683ecbdbac5a2ad3,1637829,active_ongoing,2024-04-01T17:13:36Z,41899,1228555,2024-03-27T19:30:24Z,32000000000000000000,32002844570000000000,199926653000000000,3157539123782630,203084192123782630,2.178561,0x7fF0B7D8b99E4cD685355A786B6ad5287B6552C1,0100000000000000000000007521006992130ebda85cb293b664c555180ca1fd,True,40947,2024-03-28T11:40:48Z,2024-07-17T00:54:41Z,2049448.0,2024-07-09T03:29:36Z,0x7521006992130EBda85cb293B664C555180CA1Fd,,,,,
0x812c1f5c3b6642478543b310076ce7317e75683ec8d4c8635b5acc29221811afb84d9bacb52874d4300a0e12627e033a,1635492,active_ongoing,2024-03-31T10:04:48Z,41607,1228339,2024-03-27T18:43:12Z,32000000000000000000,32002867330000000000,145673142000000000,0,145673142000000000,1.5438477,0x7fF0B7D8b99E4cD685355A786B6ad5287B6552C1,0100000000000000000000007521006992130ebda85cb293b664c555180ca1fd,True,40942,2024-03-28T11:08:48Z,2024-07-17T00:54:43Z,2049302.0,2024-07-09T03:00:24Z,,,,,,
0x812f88ae56793d437dcfe79cdca29587a0d61cb18482225462403d5692b636f78dbf30767c91c1222bc0e9c1d2fe6699,1636067,active_ongoing,2024-03-31T17:45:36Z,41679,1228396,2024-03-27T18:56:00Z,32000000000000000000,32002918979000000000,144465368000000000,0,144465368000000000,1.5356134,0x7fF0B7D8b99E4cD685355A786B6ad5287B6552C1,0100000000000000000000007521006992130ebda85cb293b664c555180ca1fd,True,40943,2024-03-28T11:15:12Z,2024-07-17T00:54:42Z,2049338.0,2024-07-09T03:07:36Z,,,,,,
0x812fceabbda065296374e63c71d2e09c26c4f15439c15c55475613bf1a5b4f52a12160a2dff020ffb812111324e9d9f9,1555784,active_ongoing,2024-01-12T09:58:24Z,23831,716461,2024-01-11T16:32:48Z,32000000000000000000,32003492781000000000,265259806000000000,0,265259806000000000,1.6211807,0xaA7DaD8f681cDAf1CCD48E939041d43bB409255a,010000000000000000000000aa7dad8f681cdaf1ccd48e939041d43bb409255a,True,23782,2024-01-12T04:44:48Z,2024-07-17T00:54:42Z,2046236.0,2024-07-08T16:47:12Z,,,,,,
0x81314646e157c0fa165b8d181a4a1ef150d9e16d38922832135cd94e500bc7e3bb6f7f0b466c724fed0cce17eb0a3d22,1636265,active_ongoing,2024-03-31T20:19:12Z,41703,1228410,2024-03-27T18:58:48Z,32000000000000000000,32002875940000000000,144698843000000000,0,144698843000000000,1.5396256,0x7fF0B7D8b99E4cD685355A786B6ad5287B6552C1,0100000000000000000000007521006992130ebda85cb293b664c555180ca1fd,True,40943,2024-03-28T11:15:12Z,2024-07-17T00:54:41Z,2049350.0,2024-07-09T03:10:00Z,,,,,,
0x8131bfa23db92c944c3c96602c86f53979191aa90ca92487eb7f1766b3ddd746d9cdb3196e15b165f5db38b54dc262e7,1638652,active_ongoing,2024-04-02T04:12:48Z,42002,1228626,2024-03-27T19:45:48Z,32000000000000000000,32002858948000000000,197778453000000000,2368704000000000,200147157000000000,2.156338,0x7fF0B7D8b99E4cD685355A786B6ad5287B6552C1,0100000000000000000000007521006992130ebda85cb293b664c555180ca1fd,True,40949,2024-03-28T11:53:36Z,2024-07-17T00:54:42Z,2049500.0,2024-07-09T03:40:00Z,0x7521006992130EBda85cb293B664C555180CA1Fd,,,,,
0x8134338b8e8bea703840314eddbad09803b499373a77549fcd8e30a5949dd070267e1d58c2d45fa79924aca2807926dd,1696346,active_ongoing,2024-05-04T05:23:12Z,49213,1415715,2024-04-25T09:50:00Z,32000000000000000000,32002491505000000000,97957560000000000,0,97957560000000000,1.5135493,0xff9E47B2EBc22eFA1c680dcd2935872467E5625E,010000000000000000000000f0179dec45a37423ead4fad5fcb136197872ead9,True,47396,2024-04-26T03:34:24Z,2024-07-17T00:54:43Z,2017577.0,2024-07-04T17:15:24Z,,,,,,
0x8137b2d1caed0182f14e6f74a48d1b32a4fb79e3998d2c762363dca403120c8f622b51188d628c48a66d34335dcf02f0,1692435,active_ongoing,2024-05-02T01:20:00Z,48725,1387215,2024-04-21T00:35:00Z,32000000000000000000,32002551045000000000,100925309000000000,0,100925309000000000,1.5148965,0xff9E47B2EBc22eFA1c680dcd2935872467E5625E,010000000000000000000000f0179dec45a37423ead4fad5fcb136197872ead9,True,46373,2024-04-21T14:27:12Z,2024-07-17T00:54:42Z,2017374.0,2024-07-04T16:34:48Z,,,,,,
0x813c3cf0cf48d6ef160bd9bac93e79c7eec45a39bad8875bb44788ce1a3b57cd138f6b7ce0c877bc6afbfe7c3d9dfb42,1692448,active_ongoing,2024-05-02T01:26:24Z,48726,1388833,2024-04-21T06:35:36Z,32000000000000000000,32002511593000000000,100897450000000000,0,100897450000000000,1.5145669,0xff9E47B2EBc22eFA1c680dcd2935872467E5625E,010000000000000000000000f0179dec45a37423ead4fad5fcb136197872ead9,True,46436,2024-04-21T21:10:24Z,2024-07-17T00:54:42Z,2017375.0,2024-07-04T16:35:00Z,,,,,,
0x813e40c26c6b1f495fc4ef9d15f495249b3dbd92df0a6fe216451e3ae427b3ee8b50ec6ab01afc8fccdc94536a80d4f5,1633958,active_ongoing,2024-03-30T13:36:00Z,41415,1228196,2024-03-27T18:12:12Z,32000000000000000000,32002947862000000000,201611260000000000,3153912000000000,204765172000000000,2.1530359,0x7fF0B7D8b99E4cD685355A786B6ad5287B6552C1,0100000000000000000000007521006992130ebda85cb293b664c555180ca1fd,True,40938,2024-03-28T10:43:12Z,2024-07-17T00:54:43Z,2049206.0,2024-07-09T02:41:12Z,0x7521006992130EBda85cb293B664C555180CA1Fd,,,,,
0x813f80fc0c50b78f9ffd013585efcd5b52fc391427030355aa9d709aa11e26f311a2e788b938e0bd4cf1f7a7e0b0d6e7,1692366,active_ongoing,2024-05-02T00:22:24Z,48716,1382318,2024-04-20T06:35:24Z,32000000000000000000,32002514926000000000,153777002000000000,541269500000000,154318271500000000,2.3151102,0xff9E47B2EBc22eFA1c680dcd2935872467E5625E,010000000000000000000000f0179dec45a37423ead4fad5fcb136197872ead9,True,46244,2024-04-21T00:41:36Z,2024-07-17T00:54:43Z,2017372.0,2024-07-04T16:34:24Z,0xE73a3602b99f1f913e72F8bdcBC235e206794Ac8,,,,,
0x8141d64d30a5e645a35b156bc34e9aac6fc4ad5c7ed8fda6046b4d92120bae68fc9d35470ea1e2eac862757216a5bd7e,1636002,active_ongoing,2024-03-31T16:54:24Z,41671,1228380,2024-03-27T18:52:24Z,32000000000000000000,32056433697000000000,252461605000000000,7854496682369000,260316101682369000,2.7661474,0x7fF0B7D8b99E4cD685355A786B6ad5287B6552C1,0100000000000000000000007521006992130ebda85cb293b664c555180ca1fd,True,40943,2024-03-28T11:15:12Z,2024-07-17T00:54:41Z,2049334.0,2024-07-09T03:06:48Z,0x1268AD189526AC0b386faF06eFfC46779c340eE6,,,,,
0x814597fb7d7276cdf60636bc5a8e70b2e896e09fff3209db427fe8c41b9db70e5c336f8019fbf19db8af4ea92144ba9c,1637322,active_ongoing,2024-04-01T10:30:24Z,41836,1228512,2024-03-27T19:21:00Z,32000000000000000000,32002852633000000000,144103009000000000,0,144103009000000000,1.5417874,0x7fF0B7D8b99E4cD685355A786B6ad5287B6552C1,0100000000000000000000007521006992130ebda85cb293b664c555180ca1fd,True,40946,2024-03-28T11:34:24Z,2024-07-17T00:54:41Z,2049416.0,2024-07-09T03:23:12Z,,,,,,
0x8145fd49a100df9a7184882c85477e2c8b166e7b427ac20c43ed8ebbc51b47bd2c14044bdcbc47bd73f35e6575f92b54,1639336,active_ongoing,2024-04-02T13:16:48Z,42087,1228698,2024-03-27T20:01:12Z,32000000000000000000,32002810376000000000,145531518000000000,0,145531518000000000,1.5735369,0x7fF0B7D8b99E4cD685355A786B6ad5287B6552C1,0100000000000000000000007521006992130ebda85cb293b664c555180ca1fd,True,40950,2024-03-28T12:00:00Z,2024-07-17T00:54:41Z,2049542.0,2024-07-09T03:48:24Z,,,,,,
0x81474d9ea22baaba3296c7c1f9dd22f18d3fec3a3a5298a44e95efb57c348329959c9fe752ff0d122675ab5966ec4c1d,1634968,active_ongoing,2024-03-31T03:02:24Z,41541,1228280,2024-03-27T18:30:12Z,32000000000000000000,32002913560000000000,340742120000000000,0,340742120000000000,3.6013782,0x7fF0B7D8b99E4cD685355A786B6ad5287B6552C1,0100000000000000000000007521006992130ebda85cb293b664c555180ca1fd,True,40940,2024-03-28T10:56:00Z,2024-07-17T00:54:43Z,2049269.0,2024-07-09T02:53:48Z,,,,,,
0x8149134e42beb1f6c66690dc99910f3336c742364cb9b4c8ce55fcf4077475674fbdc5eecf031f988a7f2d2121878118,1631877,active_ongoing,2024-03-29T09:52:00Z,41155,1227490,2024-03-27T15:42:00Z,32000000000000000000,32002917655000000000,151540434000000000,0,151540434000000000,1.5766014,0x7fF0B7D8b99E4cD685355A786B6ad5287B6552C1,0100000000000000000000007521006992130ebda85cb293b664c555180ca1fd,True,40933,2024-03-28T10:11:12Z,2024-07-17T00:54:41Z,2049077.0,2024-07-09T02:15:24Z,,,,,,
0x814d262bea36fec9fb64037da4bd6561c6a82fadcc4faccc8e537b0b334912d0aabe9074ac1dda57d21e42ed045f3327,1692334,active_ongoing,2024-05-01T23:56:48Z,48712,1379276,2024-04-19T19:21:36Z,32000000000000000000,32002559190000000000,254656033000000000,50135120466227026,304791153466227026,4.571462,0xff9E47B2EBc22eFA1c680dcd2935872467E5625E,010000000000000000000000f0179dec45a37423ead4fad5fcb136197872ead9,True,46117,2024-04-20T11:08:48Z,2024-07-17T00:54:43Z,2017370.0,2024-07-04T16:34:00Z,0xE73a3602b99f1f913e72F8bdcBC235e206794Ac8,,,,,
0x814dbb63f733f9bcc8dbbaa0f4a41e9e2b27e388b54e903bc10e8bd06890ef62daf0660c4c77684f260363c6f3b84afd,1636148,active_ongoing,2024-03-31T18:49:36Z,41689,1228396,2024-03-27T18:56:00Z,32000000000000000000,32002935087000000000,144777793000000000,0,144777793000000000,1.539572,0x7fF0B7D8b99E4cD685355A786B6ad5287B6552C1,0100000000000000000000007521006992130ebda85cb293b664c555180ca1fd,True,40943,2024-03-28T11:15:12Z,2024-07-17T00:54:41Z,2049343.0,2024-07-09T03:08:36Z,,,,,,
0x81509aca56933a405e630a3f3dfa5d3d99e3cb38f799c4875338f7eb3d36689abe7b60f9288176e23ceb90d3bf9877f8,1635349,active_ongoing,2024-03-31T08:09:36Z,41589,1228325,2024-03-27T18:40:24Z,32000000000000000000,32002854109000000000,250337014000000000,7406013499516552,257743027499516552,2.7295382,0x7fF0B7D8b99E4cD685355A786B6ad5287B6552C1,0100000000000000000000007521006992130ebda85cb293b664c555180ca1fd,True,40941,2024-03-28T11:02:24Z,2024-07-17T00:54:42Z,2049293.0,2024-07-09T02:58:36Z,0x1268AD189526AC0b386faF06eFfC46779c340eE6,,,,,
0x8150ef8ce71b38dc5d7055bd8873d0a18b0504305fa1de541b41327ca93bdbbc925966d25d6e42a42a3d0d123a6814ee,1637125,active_ongoing,2024-04-01T07:50:24Z,41811,1228497,2024-03-27T19:18:00Z,32000000000000000000,32002846286000000000,143804354000000000,0,143804354000000000,1.5369902,0x7fF0B7D8b99E4cD685355A786B6ad5287B6552C1,0100000000000000000000007521006992130ebda85cb293b664c555180ca1fd,True,40945,2024-03-28T11:28:00Z,2024-07-17T00:54:42Z,2049404.0,2024-07-09T03:20:48Z,,,,,,
0x8155915950d1794833833cdb437d33372244bbd826c2f4ebba48d64a8ae63219e6cb64117e7268d09fe4338c03c9f169,1636501,active_ongoing,2024-03-31T23:31:12Z,41733,1228437,2024-03-27T19:05:00Z,32000000000000000000,32002901458000000000,197516985000000000,3648939659433472,201165924659433472,2.1431127,0x7fF0B7D8b99E4cD685355A786B6ad5287B6552C1,0100000000000000000000007521006992130ebda85cb293b664c555180ca1fd,True,40944,2024-03-28T11:21:36Z,2024-07-17T00:54:41Z,2049365.0,2024-07-09T03:13:00Z,0x7521006992130EBda85cb293B664C555180CA1Fd,,,,,
0x815845353404a4dcef82b41e6d804da5dc6e6b1faa5b48207508035c40768c5f437363012091e63c6d6657157c1eae2a,1631871,active_ongoing,2024-03-29T09:45:36Z,41154,1227490,2024-03-27T15:42:00Z,32000000000000000000,32002960351000000000,152126006000000000,0,152126006000000000,1.5826294,0x7fF0B7D8b99E4cD685355A786B6ad5287B6552C1,0100000000000000000000007521006992130ebda85cb293b664c555180ca1fd,True,40933,2024-03-28T10:11:12Z,2024-07-17T00:54:43Z,2049076.0,2024-07-09T02:15:12Z,,,,,,
0x8159b67034bf469ddb9f3ea0b3a26e507de2ba05bcb71dd4e638ee1493280e9474c2b4bf6c4f5318fcf192b076ad76d0,1696367,active_ongoing,2024-05-04T05:42:24Z,49216,1415715,2024-04-25T09:50:00Z,32000000000000000000,32002482705000000000,150834551000000000,1398147000000000,152232698000000000,2.3525834,0xff9E47B2EBc22eFA1c680dcd2935872467E5625E,010000000000000000000000f0179dec45a37423ead4fad5fcb136197872ead9,True,47396,2024-04-26T03:34:24Z,2024-07-17T00:54:43Z,2017578.0,2024-07-04T17:15:36Z,0xE73a3602b99f1f913e72F8bdcBC235e206794Ac8,,,,,
0x815bfc766013f155cc5e11d29813983fedebecf356f9e6acbe7a7e31a3a1db97a80c7a700890fe5662b7617874c5d278,1692487,active_ongoing,2024-05-02T01:58:24Z,48731,1390317,2024-04-21T12:02:00Z,32000000000000000000,32002503555000000000,100324262000000000,0,100324262000000000,1.5064033,0xff9E47B2EBc22eFA1c680dcd2935872467E5625E,010000000000000000000000f0179dec45a37423ead4fad5fcb136197872ead9,True,46501,2024-04-22T04:06:24Z,2024-07-17T00:54:42Z,2017377.0,2024-07-04T16:35:24Z,,,,,,
0x815d788895379002403206dacbdf581c2ff771627074568724cb31fa71467cd3a07a229ca8b0adb3bbed26cf08587acf,1636471,active_ongoing,2024-03-31T23:05:36Z,41729,1228424,2024-03-27T19:02:12Z,32000000000000000000,32002848173000000000,200869850000000000,21742449993129466,222612299993129466,2.371197,0x7fF0B7D8b99E4cD685355A786B6ad5287B6552C1,0100000000000000000000007521006992130ebda85cb293b664c555180ca1fd,True,40944,2024-03-28T11:21:36Z,2024-07-17T00:54:43Z,2049363.0,2024-07-09T03:12:36Z,0x7521006992130EBda85cb293B664C555180CA1Fd,,,,,
0x815e028eeebd7508cc2bb5ef33d6c5316950f88c9b631c5c5ee192d53012505cb306b15a4a018751a7327120de0ae959,1634146,active_ongoing,2024-03-30T16:09:36Z,41439,1228209,2024-03-27T18:15:00Z,32000000000000000000,32002864412000000000,150170222000000000,0,150170222000000000,1.5805427,0x7fF0B7D8b99E4cD685355A786B6ad5287B6552C1,0100000000000000000000007521006992130ebda85cb293b664c555180ca1fd,True,40939,2024-03-28T10:49:36Z,2024-07-17T00:54:41Z,2049218.0,2024-07-09T02:43:36Z,,,,,,
0x816000d9bf7200131c7bfcd3e12c976d49b6547f00eea3794c6b50b763a74b9fea1d7813e547fdd8dee9d586d8d076ca,1555799,active_ongoing,2024-01-12T09:58:24Z,23831,716461,2024-01-11T16:32:48Z,32000000000000000000,32003487884000000000,265322719000000000,0,265322719000000000,1.6215652,0xaA7DaD8f681cDAf1CCD48E939041d43bB409255a,010000000000000000000000aa7dad8f681cdaf1ccd48e939041d43bb409255a,True,23782,2024-01-12T04:44:48Z,2024-07-17T00:54:42Z,2046237.0,2024-07-08T16:47:24Z,,,,,,
0x8160c30d44ce541043e6a08af53e8ba424ceb2084231f872d97a9f96f3461a604e039a3de8486f01547f41d1339cdb41,1696401,active_ongoing,2024-05-04T06:08:00Z,49220,1415715,2024-04-25T09:50:00Z,32000000000000000000,32002467731000000000,275169059000000000,3798656000000000,278967715000000000,4.3121676,0xff9E47B2EBc22eFA1c680dcd2935872467E5625E,010000000000000000000000f0179dec45a37423ead4fad5fcb136197872ead9,True,47396,2024-04-26T03:34:24Z,2024-07-17T00:54:43Z,2017580.0,2024-07-04T17:16:00Z,0xE73a3602b99f1f913e72F8bdcBC235e206794Ac8,,,,,
0x8161ea105ccfc7ff10da6ca9370e3d884d1ad8f73593da2e2e880b042e9ed52d6a6821e08e292141e34950ea178b9d60,1638591,active_ongoing,2024-04-02T03:21:36Z,41994,1228626,2024-03-27T19:45:48Z,32000000000000000000,32002890533000000000,146375593000000000,0,146375593000000000,1.5764865,0x7fF0B7D8b99E4cD685355A786B6ad5287B6552C1,0100000000000000000000007521006992130ebda85cb293b664c555180ca1fd,True,40949,2024-03-28T11:53:36Z,2024-07-17T00:54:41Z,2049496.0,2024-07-09T03:39:12Z,,,,,,
0x8164a5e819856bdcc2fd30f40f34294e7ce602bee4e58857d21318aa276c581bf0c4b5446d6b14517fa6c013f279fdf6,1637025,active_ongoing,2024-04-01T06:27:12Z,41798,1228484,2024-03-27T19:14:48Z,32000000000000000000,32002875381000000000,144440319000000000,0,144440319000000000,1.5429521,0x7fF0B7D8b99E4cD685355A786B6ad5287B6552C1,0100000000000000000000007521006992130ebda85cb293b664c555180ca1fd,True,40945,2024-03-28T11:28:00Z,2024-07-17T00:54:41Z,2049398.0,2024-07-09T03:19:36Z,,,,,,
0x816582013fbadf7654b4f1846de9caad245953b14fc8f9e7983e65d4b36a1a22e61d38302eb2ea9cb09fef56203e0a5e,1636077,active_ongoing,2024-03-31T17:52:00Z,41680,1228396,2024-03-27T18:56:00Z,32000000000000000000,32002910534000000000,144710455000000000,0,144710455000000000,1.5382823,0x7fF0B7D8b99E4cD685355A786B6ad5287B6552C1,0100000000000000000000007521006992130ebda85cb293b664c555180ca1fd,True,40943,2024-03-28T11:15:12Z,2024-07-17T00:54:41Z,2049339.0,2024-07-09T03:07:48Z,,,,,,
